size_mib,dtype,threads,case,baseline_s,candidate_s,speedup,baseline_AA,candidate_AA,above_noise_regression
1,c64,1,abc-bk-akc,0.0024032484926174405,0.002393305505177933,1.004154499882274,0.004481873787731683,0.0012852606327341531,False
1,c64,1,abcijk-eiab-jkec,0.010079273155438441,0.01036519541056231,0.9724151601780214,0.0005230911341658206,0.002165579572256049,False
1,c64,1,abcijk-eiac-jkeb,0.010114507693975075,0.010301276648495854,0.9818693390252703,0.0010168785015167714,0.009235420362411428,False
1,c64,1,abcijk-eibc-jkea,0.010638161732818504,0.010719077855527498,0.9924512048704573,0.008180528883953153,0.006565845071273779,False
1,c64,1,abcijk-ejab-ikec,0.010054494868594145,0.010470532397860674,0.960265866771824,0.0037384812309559923,0.00027939444477875774,False
1,c64,1,abcijk-ejac-ikeb,0.010045603101103886,0.010268906784455344,0.9782543859790912,0.005472324499669723,0.0004098646871864009,False
1,c64,1,abcijk-ejbc-ikea,0.010619526125349096,0.01080622669173912,0.9827228715706336,0.00273115063817686,0.003573201817730909,False
1,c64,1,abcijk-ekab-ijec,0.010053121548483736,0.010488757543962916,0.9584663871146567,0.0015313848919791262,0.0051395983542961154,False
1,c64,1,abcijk-ekac-ijeb,0.010108908475729317,0.010328210854807089,0.9787666632526483,0.00013858102721875376,0.002933852956403582,False
1,c64,1,abcijk-ekbc-ijea,0.010603623490863584,0.010745303261298864,0.9868147257466836,0.0012319410465018166,0.0009598655462684791,False
1,c64,1,abcijk-ijma-mkbc,0.010595064999697971,0.0107400759084621,0.9864981486164474,1.5101484334367754e-05,0.0031767631207298974,False
1,c64,1,abcijk-ijmb-mkac,0.01010338202158119,0.010347461596172705,0.9764116472119311,0.0022674514640237398,0.0010423442186107135,False
1,c64,1,abcijk-ijmc-mkab,0.010061636678939216,0.010470641210508743,0.9609379670884879,0.0016236643870816136,0.002194533390839526,False
1,c64,1,abcijk-ikma-mjbc,0.010635399420242476,0.010754855110967975,0.9888928591326465,0.0002449667329533778,0.0013339611892380088,False
1,c64,1,abcijk-ikmb-mjac,0.01002133297370719,0.010280302333443556,0.9748091689002283,0.002371153805999615,0.000720471681249446,False
1,c64,1,abcijk-ikmc-mjab,0.010049981470675307,0.010502731357197327,0.9568921767943956,0.002445168799033892,0.0009334307375625794,False
1,c64,1,abcijk-jkma-mibc,0.010635728800986512,0.010707719605320734,0.9932767379995224,0.0068356591682130485,0.00544463629421621,False
1,c64,1,abcijk-jkmb-miac,0.010071378489270573,0.010305903807528915,0.9772435952597373,0.005961569797220956,0.003539067330131096,False
1,c64,1,abcijk-jkmc-miab,0.01007750141528271,0.01037426863974155,0.971393913656526,0.001685503824358614,0.00432480264312729,False
1,c64,1,abcs-rc-abrs,0.0010952868351441095,0.0010859905054884228,1.0085602310597601,0.017166587630812025,0.005086596771349594,False
1,c64,1,abj-bka-kj,0.003776868069083033,0.0038095999391865283,0.9914080557995587,0.011519183149366619,0.0018087882403849953,False
1,c64,1,abjc-cbka-kj,0.001852729616548513,0.0017962266095231413,1.0314565026070803,0.00777266222757067,0.0024854556362848834,False
1,c64,1,abjc-kbac-jk,0.0011999811274328444,0.0011715281721153786,1.0242870431925588,0.02034925565362311,0.0014974561184706303,False
1,c64,1,abjcd-dkbac-jk,0.008530770321636846,0.008646897945911586,0.9865700248804662,0.007264021497971673,0.005751822315047894,False
1,c64,1,abrs-qb-aqrs,0.000928554356122462,0.000936014630228075,0.9920297462617703,0.003144219920655722,0.0017761704952889978,False
1,c64,1,adbjc-cbdka-kj,0.01856892224140922,0.01833893785079043,1.0125407693995145,0.005328597852233052,0.0008478356100438678,False
1,c64,1,ajb-kba-jk,0.003490565768131722,0.0034450295957579235,1.0132179335788203,0.008496385468683698,0.01980993589043545,False
1,c64,1,ajbc-ckba-jk,0.0016048561398066183,0.0016087286384486974,0.9975928204735552,0.005419471735836678,0.010113359843314074,False
1,c64,1,ajbdc-ckbad-jk,0.007434686007944114,0.007626120191642012,0.974897565356011,0.009405483180627061,0.0072382981108513045,False
1,c64,1,aqrs-pa-pqrs,0.0012187720580822323,0.0012295549087470636,0.9912302813090151,0.005414295187274876,0.025443556092242137,False
1,c64,1,ij-ik-kj,0.012220544516675843,0.012245145467255584,0.9979909629783063,0.0005623372154833772,0.00014627274026568493,False
1,c64,1,ij-ikl-ljk,0.002988375888558533,0.0030092863905165287,0.9930513419979258,0.007219538933763592,0.0078074133851112615,False
1,c64,1,ij-kil-lkj,0.00478479242459221,0.004790165005344284,0.9988784142621225,0.006024175941657495,0.009451142674481328,False
1,c64,1,ijk-ikl-lj,0.00251961159477071,0.0025679371177230958,0.9811811891269228,0.0011336586751267141,0.01040324768278511,False
1,c64,1,ijk-il-jlk,0.002791881931252466,0.002717351712127085,1.0274275202553889,0.0288634601564719,0.014848001779491415,False
1,c64,1,ijk-ilk-jl,0.0024122993276407467,0.00241366344826842,0.9994348339539002,0.004865211114598589,0.005931344500417213,False
1,c64,1,ijk-ilk-lj,0.0025397671103150384,0.0025427216788168143,0.9988380291376795,0.007373735035891893,0.015304232044176969,False
1,c64,1,ijk-ilmk-mjl,0.0009842560142361335,0.0009920276244828063,0.9921659336344343,0.005336987082841027,0.0033361033222700787,False
1,c64,1,ijkl-imjn-lnkm,0.015317962438177605,0.015323879945702688,0.9996138375172573,0.0007449586148615683,0.001625712645297428,False
1,c64,1,ijkl-imjn-nlmk,0.01533385977419645,0.015279005374092516,1.0035901813475991,0.0030883913219887926,0.00025679051523308516,False
1,c64,1,ijkl-imkn-jnlm,0.015358212082992668,0.015467673492577414,0.9929232143646377,0.0018299447627663223,0.0012479597175085733,False
1,c64,1,ijkl-imkn-njml,0.015358495117467598,0.015298228164076257,1.0039394727771718,0.0030991699832620956,0.0012185298159790303,False
1,c64,1,ijkl-imln-jnkm,0.015310618840134092,0.015427132196860828,0.9924475038367504,0.0017956590002503603,0.0035563511228378086,False
1,c64,1,ijkl-imln-njmk,0.015319987515081401,0.015275309372620281,1.0029248600713254,0.002801241292081036,0.0022479761496938533,False
1,c64,1,ijkl-imnj-nlkm,0.015312448039906877,0.01526000272480762,1.0034367828135442,0.0032344863964230974,0.0010915398912441088,False
1,c64,1,ijkl-imnk-njml,0.015379572763692626,0.015335425487527497,1.0028787773903656,0.0023659935926458875,8.065965381942597e-05,False
1,c64,1,ijkl-minj-nlmk,0.01899939647832699,0.018940919559682207,1.0030873326113088,0.003185425559148136,0.0030487869361179865,False
1,c64,1,ijkl-mink-jnlm,0.018617975135971795,0.01865776343009317,0.9978674671125264,0.001368438279408024,0.0014733131303750202,False
1,c64,1,ijkl-minl-njmk,0.018930039772394696,0.018875559374054586,1.0028862931826537,0.0017492262803746605,0.0002310662017650511,False
1,c64,4,abc-bk-akc,0.0006280208233808812,0.0006256043709254276,1.0038625888305082,0.0014988257607096989,0.009249579674048825,False
1,c64,4,abcijk-eiab-jkec,0.0027516561878170756,0.0027461289557469803,1.00201273580344,0.006084637106503865,0.00035898642041032325,False
1,c64,4,abcijk-eiac-jkeb,0.0026821790711710506,0.002702782246652512,0.9923770494249105,0.004015878963276043,0.006805244492493867,False
1,c64,4,abcijk-eibc-jkea,0.0028901554458341857,0.003115045265695508,0.9278052802834278,0.007694378354270337,0.15635557982754067,False
1,c64,4,abcijk-ejab-ikec,0.002700763986431987,0.002739659805091318,0.9858026830239842,0.012905892037385458,0.010476179643438499,False
1,c64,4,abcijk-ejac-ikeb,0.0026675424981814255,0.002696632766150408,0.9892123731736338,7.385347171307011e-05,0.0033337679303782064,False
1,c64,4,abcijk-ejbc-ikea,0.002881526680128435,0.002921814309289692,0.9862114340965593,0.01226099864935526,0.021296767075148937,False
1,c64,4,abcijk-ekab-ijec,0.002703053848165071,0.0027305960217917625,0.9899134938281281,0.0006705776293525201,0.009171753478139588,False
1,c64,4,abcijk-ekac-ijeb,0.0026849070887835207,0.0026720157121880852,1.0048245886192335,0.012695158403688067,0.00415411959218448,False
1,c64,4,abcijk-ekbc-ijea,0.0028819069778880787,0.0029575041644197223,0.974438857114348,0.00024772192970512474,0.018128967214876557,False
1,c64,4,abcijk-ijma-mkbc,0.0028875912128024633,0.0028948269444877012,0.9975004614009773,0.0018866429622474978,0.027169254084877137,False
1,c64,4,abcijk-ijmb-mkac,0.0026732158798076894,0.0026623729681430814,1.0040726493974925,0.013783526134462099,0.011565019345360916,False
1,c64,4,abcijk-ijmc-mkab,0.002689413195842543,0.002708181467501762,0.9930697880166308,0.007741443706470452,0.01519923864289141,False
1,c64,4,abcijk-ikma-mjbc,0.0029226993232955045,0.0028883313963865022,1.0118988863092369,0.017522946109538973,0.014768927287464262,False
1,c64,4,abcijk-ikmb-mjac,0.0026729252104669894,0.0026604972860689033,1.0046712787354313,0.004660016609590478,0.011781893726810377,False
1,c64,4,abcijk-ikmc-mjab,0.002703776879736936,0.0027021106911568225,1.0006166248427817,0.020751571492620746,0.011187810299573275,False
1,c64,4,abcijk-jkma-mibc,0.002901790372991819,0.0028914436236426953,1.0035784025891152,0.02913310374025113,0.0055946303688207966,False
1,c64,4,abcijk-jkmb-miac,0.002670057213002748,0.002690266121968048,0.9924881375859886,0.0037800201710728176,0.01815637481616883,False
1,c64,4,abcijk-jkmc-miab,0.002732495176433437,0.002738220401737961,0.9979091437267467,0.004924344199575992,0.0034662685427073736,False
1,c64,4,abcs-rc-abrs,0.0002815143584686223,0.0002811690466534323,1.0012281288402831,0.004260658736122802,0.011320106870392976,False
1,c64,4,abj-bka-kj,0.0009906524133731266,0.0010042152504637638,0.9864940936872113,0.005728221986468274,0.020099323582352113,False
1,c64,4,abjc-cbka-kj,0.00046442439849560014,0.00047446830552735556,0.9788312371664278,0.004346452903400522,0.010272216926173083,False
1,c64,4,abjc-kbac-jk,0.00030045998302436215,0.0003143374989720444,0.9558515417566632,0.0006720765501846415,0.028987915171084122,False
1,c64,4,abjcd-dkbac-jk,0.0030777564829584875,0.0031121021831986818,0.9889638263082695,0.0011586142220544327,0.003336741850377356,False
1,c64,4,abrs-qb-aqrs,0.00024796668859949716,0.00024930321588178525,0.9946389488897655,0.013176428562730269,0.01963619573009945,False
1,c64,4,adbjc-cbdka-kj,0.006492560169873515,0.006397556166450123,1.0148500460100076,0.004676238983594039,0.01162458578526293,False
1,c64,4,ajb-kba-jk,0.0008980011796540136,0.0012506531294859497,0.7180257726801634,0.014201091856829384,0.9482606798354036,False
1,c64,4,ajbc-ckba-jk,0.00041705802569906266,0.00042276978848896,0.9864896618788396,0.06683497979084396,0.012543348336161664,False
1,c64,4,ajbdc-ckbad-jk,0.003130309230050284,0.0031647762691330962,0.9891091703957153,0.005136276098941073,0.020708472597319116,False
1,c64,4,aqrs-pa-pqrs,0.00036221099723779784,0.0003560302108136331,1.0173602863926625,0.0441474760981857,0.013741166090229573,False
1,c64,4,ij-ik-kj,0.0031278294478663633,0.003126380808147018,1.0004633599705994,0.0016390897509452884,0.0020785171433729266,False
1,c64,4,ij-ikl-ljk,0.0017267461017561325,0.00172926252853637,0.9985447977165345,0.007550328794405092,0.009801473126942128,False
1,c64,4,ij-kil-lkj,0.00260426370600214,0.0026054435446906153,0.9995471639787092,0.022013283157579,0.004930146369104382,False
1,c64,4,ijk-ikl-lj,0.0009186748152219043,0.0009114638225629144,1.0079114414423092,0.005280166415827736,0.011475458118395676,False
1,c64,4,ijk-il-jlk,0.0015958456596503936,0.0015741607983751215,1.0137755058426405,0.006866218769550958,0.009571682991422747,False
1,c64,4,ijk-ilk-jl,0.0008346901417124801,0.0007825354090391054,1.066648399639087,0.002872246230926523,0.13012023493964409,False
1,c64,4,ijk-ilk-lj,0.0007590394972931251,0.0007064201307720499,1.0744873542371551,0.010465989465862413,0.1516832251166914,False
1,c64,4,ijk-ilmk-mjl,0.00030898651922049936,0.00029734335213015944,1.0391573142864254,0.07268721094032426,0.09204876110391857,False
1,c64,4,ijkl-imjn-lnkm,0.004306396781016468,0.004242371930878763,1.01509175790828,0.019275659989736127,0.0033772955938433658,False
1,c64,4,ijkl-imjn-nlmk,0.004245797906273449,0.004216899271961805,1.0068530530249538,0.017846047264855613,0.006399779881989143,False
1,c64,4,ijkl-imkn-jnlm,0.005244615285246288,0.004241652064405094,1.2364557973195904,0.3422499272040622,0.00603617994261163,False
1,c64,4,ijkl-imkn-njml,0.004209215005131004,0.0045422415352726455,0.9266823378819612,0.001376023994358988,0.1534027975280372,False
1,c64,4,ijkl-imln-jnkm,0.004248526611311855,0.00424762946638475,1.0002112107315868,0.005867105369692149,0.017632385814755458,False
1,c64,4,ijkl-imln-njmk,0.004221406464219242,0.004178658053490019,1.0102301768132282,0.002194564480686889,0.007667641451702734,False
1,c64,4,ijkl-imnj-nlkm,0.004203911856164684,0.004189664828434848,1.0034005172998905,0.006871634178628572,0.0005721970457642778,False
1,c64,4,ijkl-imnk-njml,0.004487809480522987,0.0041899738908941905,1.0710829225633276,0.11658008625369443,0.0034094686017962506,False
1,c64,4,ijkl-minj-nlmk,0.005223485877077108,0.0053370179034903,0.9787274413415505,0.005703971008237829,0.043716649998919,False
1,c64,4,ijkl-mink-jnlm,0.005297864036390515,0.005089326712789424,1.0409754247211207,0.07654406083010168,0.00273943196570392,False
1,c64,4,ijkl-minl-njmk,0.005502276171161531,0.005215219449453877,1.0550421174966498,0.10654832296992811,0.01289697951199864,False
1,c64,8,abc-bk-akc,0.0004987604331500244,0.0003262020982765132,1.5289921057688534,0.017873542060271363,0.004691561916995379,False
1,c64,8,abcijk-eiab-jkec,0.0016692192875233619,0.001679621296395113,0.9938069320184995,0.02625601954156309,0.008258963800450436,False
1,c64,8,abcijk-eiac-jkeb,0.0017724478283314858,0.001598276872209568,1.1089742078799725,0.002302290259154516,0.021706189192060688,False
1,c64,8,abcijk-eibc-jkea,0.0028569590385499055,0.0015564201833251842,1.8355962413994207,0.031142334639787883,0.0025981009287457946,False
1,c64,8,abcijk-ejab-ikec,0.0017009017841486322,0.0016823148896196573,1.0110484039840943,0.025308748388564672,0.026242483437367792,False
1,c64,8,abcijk-ejac-ikeb,0.0017678696990898394,0.0015344964323164782,1.1520845939153215,0.008420264059120441,0.018179845774157766,False
1,c64,8,abcijk-ejbc-ikea,0.0028476413131874596,0.0015630569181549342,1.8218410859592218,0.04409110448798037,0.01564438300626958,False
1,c64,8,abcijk-ekab-ijec,0.0017012924524272715,0.0017172238349545466,0.9907225941062617,0.017204517868516178,0.022595230327663307,False
1,c64,8,abcijk-ekac-ijeb,0.0017502724458609295,0.0015680900150102993,1.1161811051066692,0.014534237982609,0.02688724817034749,False
1,c64,8,abcijk-ekbc-ijea,0.002764248633940334,0.0015357810118161376,1.7998976499074382,0.07092073791410525,0.006051640754854981,False
1,c64,8,abcijk-ijma-mkbc,0.0027464597317745257,0.00153759867682858,1.7862006342508814,0.023821058747288903,0.00803941349892745,False
1,c64,8,abcijk-ijmb-mkac,0.0017482150236126561,0.001573030733626651,1.1113673663464378,0.010529687197218252,0.021838135735358977,False
1,c64,8,abcijk-ijmc-mkab,0.0016391602911259167,0.0016780822835552494,0.9768056710861216,0.0010091537255150218,0.0073392991929221996,False
1,c64,8,abcijk-ikma-mjbc,0.002897224233965676,0.0015684682077383653,1.8471679691508032,0.001871469402321635,0.001220191331098186,False
1,c64,8,abcijk-ikmb-mjac,0.001749981409294396,0.0015655296659214096,1.11782066312006,0.04374944903798372,0.01584006963347151,False
1,c64,8,abcijk-ikmc-mjab,0.0016647760200044928,0.0017002266193681358,0.979149485745131,0.005977455631720252,0.024832971221809386,False
1,c64,8,abcijk-jkma-mibc,0.0029774932519285413,0.0015658265200723866,1.901547338584414,0.027655868112361426,0.021304252137427815,False
1,c64,8,abcijk-jkmb-miac,0.001736207270129347,0.0015740762133562656,1.1030007666702386,0.013535508748532266,0.008183823803886825,False
1,c64,8,abcijk-jkmc-miab,0.0016542145567585843,0.001693124609778028,0.9770187895239767,0.006598196003842816,0.01210473235157028,False
1,c64,8,abcs-rc-abrs,0.00015201183490110235,0.00014881439387371103,1.0214861005320814,0.009317400556556055,0.012838916002910983,False
1,c64,8,abj-bka-kj,0.0005127499422086754,0.0005105929740096312,1.0042244376809688,0.02400213141768881,0.01182155525876194,False
1,c64,8,abjc-cbka-kj,0.00026730221491600103,0.0002545726579210737,1.0500036300004927,0.021973201015078603,0.008615962411680611,False
1,c64,8,abjc-kbac-jk,0.00016155508048959648,0.00016142341426819096,1.000815657517854,0.01697515710919084,0.018915944421516118,False
1,c64,8,abjcd-dkbac-jk,0.0023400771402881148,0.002298088433103043,1.0182711450874742,0.07952175590601174,0.00048269144221579907,False
1,c64,8,abrs-qb-aqrs,0.00013583254649751658,0.00013619198919172888,0.9973607647825286,0.005154790577453938,0.009465002360717678,False
1,c64,8,adbjc-cbdka-kj,0.0037761111811809777,0.0037690478986316953,1.001874023026305,0.014537098288591954,0.012958554948086398,False
1,c64,8,ajb-kba-jk,0.0004499575507945166,0.0004468185175918742,1.0070252979208656,0.0050889337970709825,0.012945286043683057,False
1,c64,8,ajbc-ckba-jk,0.001154653121149378,0.00025836327717963326,4.469106963473674,0.06604310949955972,0.056844090578109796,False
1,c64,8,ajbdc-ckbad-jk,0.003775497114447315,0.002310290836445057,1.6342085831309592,0.03845192551130405,0.009471490071222055,False
1,c64,8,aqrs-pa-pqrs,0.0002131048740972388,0.00021421805068200952,0.9948035350838704,0.03169040099000764,0.05846276498669667,False
1,c64,8,ij-ik-kj,0.0015799903236501166,0.0015859406822031524,0.9962480573076858,0.0009444961432546473,0.005192690280110712,False
1,c64,8,ij-ikl-ljk,0.0009579004685404429,0.0009647838847078655,0.9928653284154856,0.0005127107361211358,0.01094825426833479,False
1,c64,8,ij-kil-lkj,0.0014971029497215615,0.0014956160667808434,1.00099416085033,0.01776846945741073,0.006071283588536591,False
1,c64,8,ijk-ikl-lj,0.0004803962614342456,0.0004736731113711227,1.014193649379129,0.030920081967213076,0.02730721501803135,False
1,c64,8,ijk-il-jlk,0.0005018846081242182,0.0005064025273752097,0.9910784030356072,0.004721352335910867,0.009760908345884278,False
1,c64,8,ijk-ilk-jl,0.000687028488509756,0.00046213652390283977,1.4866353403701063,0.00485140829452213,0.008763936015511287,False
1,c64,8,ijk-ilk-lj,0.00048578485234103375,0.00047281418706506684,1.0274329020380726,0.03685910709848428,0.019242611482311434,False
1,c64,8,ijk-ilmk-mjl,0.00021997742832845373,0.0002138860166817831,1.0284797096190414,0.010625268487967299,0.01743018024390941,False
1,c64,8,ijkl-imjn-lnkm,0.0030153808677697747,0.003049248023220643,0.9888932762461554,0.0005921212728021708,0.013070421874434968,False
1,c64,8,ijkl-imjn-nlmk,0.0024907660861682697,0.002564931481565541,0.9710848434235744,0.034659573679157396,0.03132424983539095,False
1,c64,8,ijkl-imkn-jnlm,0.00216783106718674,0.0021754912917076917,0.9964788530525724,0.007271495516960602,0.0071252552147771375,False
1,c64,8,ijkl-imkn-njml,0.00215614312843721,0.002162585995961779,0.9970207577702808,0.006371355976600768,0.0013664274377518382,False
1,c64,8,ijkl-imln-jnkm,0.002174903308794899,0.002161681470530753,1.0061164600078196,0.008762203656813794,0.006786368619684069,False
1,c64,8,ijkl-imln-njmk,0.002157659132107757,0.0021544908516668154,1.001470547177534,0.008172568611975572,0.004362714812759849,False
1,c64,8,ijkl-imnj-nlkm,0.0021640937249932128,0.002152753483650183,1.0052677844579776,0.001008782697018873,0.0059645111122912375,False
1,c64,8,ijkl-imnk-njml,0.002155720900274894,0.002166497610172926,0.9950257457716873,0.011059761238640942,0.002267975019003776,False
1,c64,8,ijkl-minj-nlmk,0.002666710907337351,0.0026680976517822583,0.9994802497412414,0.000527102279586078,0.001596041367291745,False
1,c64,8,ijkl-mink-jnlm,0.0025985233345098137,0.00260548138458942,0.9973294569975587,0.006920640813142698,0.0005954606777116567,False
1,c64,8,ijkl-minl-njmk,0.0026585620485217194,0.0026467865066589712,1.0044489957286402,0.005176572987128036,0.0027414502294351717,False
1,f64,1,abc-bk-akc,0.000612356179514831,0.000616388369887038,0.9934583607199695,0.0020441023649921952,0.0013003500068182738,False
1,f64,1,abcijk-eiab-jkec,0.002714882212319901,0.0027784027845361085,0.9771377380667241,0.003335268794349977,0.005824904181643831,False
1,f64,1,abcijk-eiac-jkeb,0.0027133218051219065,0.0027069759775023862,1.0023442496986528,0.011802628408311477,0.0002578855527561874,False
1,f64,1,abcijk-eibc-jkea,0.0028003494247102446,0.0028353015282428073,0.9876725268249601,0.001281161396001984,0.0031347275817876774,False
1,f64,1,abcijk-ejab-ikec,0.0027218531113732056,0.0027860095039653043,0.9769719405117658,0.0010681861912056334,0.011238465467237502,False
1,f64,1,abcijk-ejac-ikeb,0.0026993441084841334,0.002732438946355435,0.987888169316484,0.002931665699585473,0.0036579888577445985,False
1,f64,1,abcijk-ejbc-ikea,0.0028152979973997422,0.002859897300568851,0.9844052780635731,8.59552343719372e-05,0.00321172867455799,False
1,f64,1,abcijk-ekab-ijec,0.002721700687420459,0.002813486912117773,0.967376345593794,0.0026037968612799833,0.0095799135568706,False
1,f64,1,abcijk-ekac-ijeb,0.002711160447405317,0.002740773600944631,0.9891953302786091,0.003232490767073992,0.0010786750894246078,False
1,f64,1,abcijk-ekbc-ijea,0.0028062131903715012,0.0028601970062570865,0.9811258400146955,0.0028341561854869912,0.006387345822989499,False
1,f64,1,abcijk-ijma-mkbc,0.002805574007404724,0.002847798210386403,0.9851730354953941,0.0016809505918050638,0.003674830611627433,False
1,f64,1,abcijk-ijmb-mkac,0.0027048516988587377,0.002725067832663987,0.9925814199694668,0.005504498535759184,0.002214870750223641,False
1,f64,1,abcijk-ijmc-mkab,0.002723397620468227,0.002802821596029437,0.9716628501529586,0.005094198166469721,0.009812234531335617,False
1,f64,1,abcijk-ikma-mjbc,0.002820835739319112,0.0028722278163745996,0.9821072420639821,0.0028020243587612015,0.004158709181327547,False
1,f64,1,abcijk-ikmb-mjac,0.0027013183445429014,0.002730543348007682,0.9892970007284065,0.00252335443091789,0.007996496660833907,False
1,f64,1,abcijk-ikmc-mjab,0.002727849243242742,0.002795934766502967,0.9756483863372165,0.005469521156419299,0.012822423313104458,False
1,f64,1,abcijk-jkma-mibc,0.002804327499823086,0.002859740333802529,0.9806231239513407,2.2465026767393148e-05,0.0013660910585071573,False
1,f64,1,abcijk-jkmb-miac,0.002693799436207529,0.002727071140088575,0.9877994734380251,0.002478751830072623,0.002338568986683942,False
1,f64,1,abcijk-jkmc-miab,0.00271962358016399,0.002786735387866598,0.9759174093116944,0.0020457545256520326,0.012541601626042675,False
1,f64,1,abcs-rc-abrs,0.0002922229833158234,0.0002951244784798442,0.990168571651643,0.00646450359272599,0.005248359254077406,False
1,f64,1,abj-bka-kj,0.0011110750182804939,0.0011274895933754776,0.9854414841685218,0.002662223019306964,0.00368485309458344,False
1,f64,1,abjc-cbka-kj,0.0005632043942912732,0.0006226248254591203,0.9045646290701133,0.002937520782248182,0.0029483246985326783,True
1,f64,1,abjc-kbac-jk,0.00033266843335519526,0.00033412352720064477,0.9956450422463794,0.057858726267070226,0.03501581801518161,False
1,f64,1,abjcd-dkbac-jk,0.0030907496679585685,0.0031004999215765187,0.9968552640333587,0.009035982567687673,0.013821876705554459,False
1,f64,1,abrs-qb-aqrs,0.0002877159706307594,0.00028827917162882233,0.9980463347564072,0.0009032607713848062,0.00889879967247964,False
1,f64,1,adbjc-cbdka-kj,0.008812150959787003,0.008129038077583719,1.0840336674134923,0.027978507676429176,0.18245962631221913,False
1,f64,1,ajb-kba-jk,0.0008866230870358611,0.0008916724424002348,0.9943372082344705,0.020998101734106545,0.0007191322844397607,False
1,f64,1,ajbc-ckba-jk,0.000441440303325376,0.00045992094685500033,0.959817782477625,0.006966360110703174,0.033451471958821144,False
1,f64,1,ajbdc-ckbad-jk,0.0030319590139906245,0.003006872535675565,1.0083430468094063,0.011754341155243542,0.024588640108049287,False
1,f64,1,aqrs-pa-pqrs,0.0001879597765427486,0.00019424499522510225,0.9676428281970922,0.005564476976509747,0.0778575933468022,False
1,f64,1,ij-ik-kj,0.002888211536838325,0.0028958317258172992,0.9973685663738546,0.002329175630909175,0.0014635166213672335,False
1,f64,1,ij-ikl-ljk,0.0007328364801659371,0.0007363724097873304,0.995198177478683,0.00046520701712271517,0.014883309870812544,False
1,f64,1,ij-kil-lkj,0.0011072637113384509,0.0011172991388988,0.9910181372105594,0.012034251746205427,0.033129283076746896,False
1,f64,1,ijk-ikl-lj,0.000655951765691655,0.0006628136108545147,0.9896473985288063,0.0029970792599978147,0.0047865124698858175,False
1,f64,1,ijk-il-jlk,0.0006427080243220867,0.0006627702672042553,0.969729718011044,0.007900853504617444,0.0016777028608534472,False
1,f64,1,ijk-ilk-jl,0.0006187311273404628,0.0006176613492764461,1.0017319815547303,0.00555411493954816,0.0013962300171657116,False
1,f64,1,ijk-ilk-lj,0.0006569832869518067,0.000666146866398094,0.9862439051979102,0.003835946081030439,0.015473820516389125,False
1,f64,1,ijk-ilmk-mjl,0.0002590679918457701,0.000259503999229299,0.9983198432978923,0.0005019246881310391,0.0001541520864485335,False
1,f64,1,ijkl-imjn-lnkm,0.0038176776048770805,0.003820460899631876,0.9992714767071524,0.0028610565789874975,0.004609508758066649,False
1,f64,1,ijkl-imjn-nlmk,0.00377057938972673,0.0037586654016046705,1.003169738949621,0.010259946728993885,0.0015301695274472227,False
1,f64,1,ijkl-imkn-jnlm,0.0037706821969015103,0.003751309366938296,1.0051642848051814,0.010589798537620876,0.009118118598739455,False
1,f64,1,ijkl-imkn-njml,0.003734024874969367,0.0037479194365997253,0.9962927267073372,0.0011565270037412478,0.006053320280563046,False
1,f64,1,ijkl-imln-jnkm,0.0037652541146730055,0.003743278068153634,1.0058708025744427,0.011764756168288981,0.005665037827643049,False
1,f64,1,ijkl-imln-njmk,0.0037318914494076593,0.003733487807953844,0.9995724216528084,0.00032937785106823547,0.0019059313366049935,False
1,f64,1,ijkl-imnj-nlkm,0.003743299671797063,0.0037493364927710876,0.9983898961894554,0.004081885105238325,0.0023156189728019694,False
1,f64,1,ijkl-imnk-njml,0.0037207159258141435,0.003724295880855333,0.9990387565446687,0.0003993057561563207,0.001153903296187142,False
1,f64,1,ijkl-minj-nlmk,0.004605553291296281,0.004612021988407579,0.9985974270878245,0.0019568049568055024,0.00014179325979024604,False
1,f64,1,ijkl-mink-jnlm,0.004624701500575362,0.004548512464108679,1.016750319377571,0.01505025392742243,0.006855059847756584,False
1,f64,1,ijkl-minl-njmk,0.0045670366015577325,0.004588364588178233,0.9953517236456206,0.0015639043524150464,0.00484741606594663,False
1,f64,4,abc-bk-akc,0.0001735776456114093,0.0001673464999394968,1.0372349925105415,0.06314451361497886,5.3782075031927334e-05,False
1,f64,4,abcijk-eiab-jkec,0.0010479529013376508,0.0008329957042002077,1.2580531880939674,0.3913324111807771,0.07358072850467512,False
1,f64,4,abcijk-eiac-jkeb,0.0007979926729926786,0.0007667955105489338,1.0406851135857738,0.03131263640817794,0.006472369119982835,False
1,f64,4,abcijk-eibc-jkea,0.0008800112772283091,0.0008601321791445778,1.0231116781417264,0.021856867189861906,0.044277058334323494,False
1,f64,4,abcijk-ejab-ikec,0.0009770971330691745,0.0008376858624568042,1.1664242848786994,0.2584477223985193,0.0347696565959843,False
1,f64,4,abcijk-ejac-ikeb,0.0008065707952684625,0.000800630243180958,1.0074198447262026,0.018173743338254056,0.08450788497458395,False
1,f64,4,abcijk-ejbc-ikea,0.0009059756007089816,0.0009134009815333023,0.9918706231168529,0.014321493801949137,0.06347935749519329,False
1,f64,4,abcijk-ekab-ijec,0.000854140160068592,0.0008059736725315536,1.059761862178138,0.05996733120460229,0.025489575244944662,False
1,f64,4,abcijk-ekac-ijeb,0.0008375236965155076,0.0009848911109193747,0.8503718707885354,0.03373633686572708,0.47483452364511636,False
1,f64,4,abcijk-ekbc-ijea,0.000898466260871826,0.0010555800858617977,0.8511587826501097,0.03453649680936577,0.30428201721548787,False
1,f64,4,abcijk-ijma-mkbc,0.0008778586480407879,0.0008878132890906737,0.9887874610887143,0.05208008365903094,0.07191539645973333,False
1,f64,4,abcijk-ijmb-mkac,0.0007930313508645166,0.0010238367951485236,0.7745681290439215,0.11129603215853812,0.5097918496862863,False
1,f64,4,abcijk-ijmc-mkab,0.0008828368911628013,0.0008630886597650326,1.022880883874833,0.0270486515277788,0.029289519676077846,False
1,f64,4,abcijk-ikma-mjbc,0.0008880199476222366,0.0008829651025776727,1.0057248525788927,0.0006871574773434919,0.011881298660463058,False
1,f64,4,abcijk-ikmb-mjac,0.0010718849030870805,0.0008629522437539635,1.2421138143453114,0.5254534728031544,0.05811884684506363,False
1,f64,4,abcijk-ikmc-mjab,0.0008342139823906094,0.0008281188856631638,1.0073601711456739,0.0031190231688605907,0.006698903143965262,False
1,f64,4,abcijk-jkma-mibc,0.0009691962099569932,0.0008733824492168365,1.1097042433427338,0.1909684101309571,0.009879185364169762,False
1,f64,4,abcijk-jkmb-miac,0.0007870748240701135,0.0008209619378430404,0.9587226737186374,0.011186788448835916,0.07266231016552127,False
1,f64,4,abcijk-jkmc-miab,0.0008126798262034071,0.0008060515114333575,1.0082231900517906,0.00257874854922302,0.02275054075349181,False
1,f64,4,abcs-rc-abrs,8.81979712068254e-05,9.577612224349031e-05,0.9208764057350423,0.00961354019746119,0.1301561952245549,False
1,f64,4,abj-bka-kj,0.00030142927379403614,0.00030209634187457484,0.9977918697181191,0.008542395468932096,0.005553324193971365,False
1,f64,4,abjc-cbka-kj,0.00021677824009111248,0.00023552287111021722,0.920412693125107,0.03426582284419455,0.13374326225439814,False
1,f64,4,abjc-kbac-jk,9.803797845223045e-05,0.00019736812698609673,0.49672649758254317,0.0013251378653048596,0.735059786931633,True
1,f64,4,abjcd-dkbac-jk,0.001299942030677522,0.0012928901568041269,1.0054543487985295,0.003002539369443613,0.014791578524161242,False
1,f64,4,abrs-qb-aqrs,8.747935747363489e-05,8.713179503487805e-05,1.0039889277917173,0.01680948494740664,0.00807771196791962,False
1,f64,4,adbjc-cbdka-kj,0.004990900424578815,0.0053350219127435644,0.9354976429726072,0.01889406802713922,0.024432661774253184,False
1,f64,4,ajb-kba-jk,0.00023486974549737137,0.00023506696455691088,0.9991610090345479,0.009639422058387415,0.05899065780602908,False
1,f64,4,ajbc-ckba-jk,0.00013239512625093115,0.00014625113248792297,0.9052588106411004,0.007239778140686437,0.025249413247114605,True
1,f64,4,ajbdc-ckbad-jk,0.0012425285476808975,0.001223269810442079,1.015743654486052,0.013505674019746783,0.0011140293262903445,False
1,f64,4,aqrs-pa-pqrs,0.00013544989993351787,0.00016675697406705363,0.8122592814562162,0.3944413446784767,0.9981351190980758,False
1,f64,4,ij-ik-kj,0.0007459619662275015,0.0007424717840295346,1.0047007607198553,0.012120321194580619,0.004874457199363635,False
1,f64,4,ij-ikl-ljk,0.0004358275747678203,0.00043290608582000783,1.0067485513452152,0.008972215369715597,0.017002798682649423,False
1,f64,4,ij-kil-lkj,0.0006227685580213568,0.0006276035767648237,0.9922960624788173,0.00939883269726205,0.0034363986924765832,False
1,f64,4,ijk-ikl-lj,0.00026664280404691215,0.00024875362661677924,1.071915242697918,0.011940467432516533,0.0034712853823448686,False
1,f64,4,ijk-il-jlk,0.0005610589795948372,0.0004110418587662332,1.3649679895835656,0.26934383961059294,1.531524103707489,False
1,f64,4,ijk-ilk-jl,0.00023087354538794608,0.0002234770239868072,1.033097457936327,0.020561312003360532,0.10156084319463876,False
1,f64,4,ijk-ilk-lj,0.00021696299823011295,0.00020354341747646864,1.0659298193968652,0.008554500520888242,0.13163665664043356,False
1,f64,4,ijk-ilmk-mjl,8.326214282613679e-05,8.323580736678175e-05,1.0003163957939278,0.04112714485646074,0.15724227685316916,False
1,f64,4,ijkl-imjn-lnkm,0.000993807487990506,0.0010002838215146738,0.9935255040770719,0.0003109737503936838,0.009410720540006912,False
1,f64,4,ijkl-imjn-nlmk,0.0009647606900262883,0.000972388219519344,0.992155880398442,0.004838768332406929,0.03050884969610168,False
1,f64,4,ijkl-imkn-jnlm,0.0009612246212306466,0.0009685943807208464,0.9923912840742323,0.007595068896558699,0.003045114220218137,False
1,f64,4,ijkl-imkn-njml,0.0009526107000160139,0.0009639958878045071,0.9881895888431402,0.0015884772365537536,0.015939952993088813,False
1,f64,4,ijkl-imln-jnkm,0.0009574990241827926,0.0009732230113278251,0.9838433874230128,0.002859434827581442,0.01863881577719284,False
1,f64,4,ijkl-imln-njmk,0.0009521494461328012,0.0009537828957226062,0.9982873989488273,0.002154898827814833,0.0009347860943232922,False
1,f64,4,ijkl-imnj-nlkm,0.0009703840805098773,0.0009673308244959425,1.0031563720876213,0.02049363360681089,0.01896404730524348,False
1,f64,4,ijkl-imnk-njml,0.0009623172043219429,0.0009521588683491847,1.0106687405961678,0.01857662587941722,0.003078768660316089,False
1,f64,4,ijkl-minj-nlmk,0.0011915069321413955,0.0011796089059684146,1.0100864160254988,0.009766127393143975,0.0007982509660362513,False
1,f64,4,ijkl-mink-jnlm,0.0011770745210342463,0.0011724454948866493,1.0039481802504129,0.04077361958544912,0.00018680651280877925,False
1,f64,4,ijkl-minl-njmk,0.0011630284979234173,0.001169988468201717,0.9940512488221381,0.00011952270028436907,0.004169389588688066,False
1,f64,8,abc-bk-akc,0.00020604260724422995,9.566691613091748e-05,2.153749860215693,0.21331531097182999,0.01157509619630348,False
1,f64,8,abcijk-eiab-jkec,0.0005510322773123186,0.0005677606152261708,0.9705362833116059,0.05190876384481091,0.03021418624066574,False
1,f64,8,abcijk-eiac-jkeb,0.0005666778406466941,0.0005676059067768763,0.9983649463138038,0.02156267891804331,0.029149538940117847,False
1,f64,8,abcijk-eibc-jkea,0.0007461218803499868,0.00063120826550355,1.1820534063424595,0.01751460990005893,0.07642158086735151,False
1,f64,8,abcijk-ejab-ikec,0.0005668106532361579,0.000542737239669437,1.0443555588361382,0.009042995059634018,0.10117284475758126,False
1,f64,8,abcijk-ejac-ikeb,0.0005621242473581797,0.0005530560982504397,1.0163964363405928,0.007281338291544093,0.08308102239091042,False
1,f64,8,abcijk-ejbc-ikea,0.0007506817592881819,0.0006323388598528482,1.1871510782412982,0.005419044260648542,0.0013306782982489551,False
1,f64,8,abcijk-ekab-ijec,0.0005443069067208315,0.0005599104987138569,0.972131988900248,0.018593922672422103,0.05246281906346373,False
1,f64,8,abcijk-ekac-ijeb,0.0005401015621751153,0.0005172621769064504,1.0441543694635835,0.050450687758901935,0.05056265493073564,False
1,f64,8,abcijk-ekbc-ijea,0.0007303301103014992,0.000627414467764332,1.1640313506060624,0.04368267254921432,0.08906856328310675,False
1,f64,8,abcijk-ijma-mkbc,0.0007603574967316361,0.0004979868807709697,1.5268625060051209,0.00018545628164101657,0.03556208525197946,False
1,f64,8,abcijk-ijmb-mkac,0.0005552526894405825,0.0005501208837773748,1.00932850545133,0.02291860636928622,0.022690005588399842,False
1,f64,8,abcijk-ijmc-mkab,0.0005711436705155718,0.0005701013905315439,1.0018282361722641,0.008995520541021151,0.057280910751871694,False
1,f64,8,abcijk-ikma-mjbc,0.0007762706507881127,0.0006067791995825171,1.2793296990440854,0.04540682933254314,0.091170754469455,False
1,f64,8,abcijk-ikmb-mjac,0.000561960042123993,0.0005253989168431926,1.0695873632562365,0.02633296316594058,0.019735147706086975,False
1,f64,8,abcijk-ikmc-mjab,0.0005815202919382951,0.0005265559609671132,1.1043845954573,0.03617891257297401,0.012574118037810944,False
1,f64,8,abcijk-jkma-mibc,0.0007892000471090965,0.0006076938431389609,1.2986803404697829,0.030829438485853178,0.03367880257460043,False
1,f64,8,abcijk-jkmb-miac,0.0005531527086727498,0.0005541296633099513,0.9982369566152335,0.03422169273648534,0.006964741674363006,False
1,f64,8,abcijk-jkmc-miab,0.000620897352162175,0.000560069193957318,1.1086082913703206,0.10044383771792753,0.002092999978551724,False
1,f64,8,abcs-rc-abrs,5.7103425904230996e-05,5.561748809502277e-05,1.0267170967280919,0.055268085106382925,0.011991993423169034,False
1,f64,8,abj-bka-kj,0.0001598131853383819,0.00016387498047292027,0.9752140618243457,0.04262931915763635,0.0009758775273702724,False
1,f64,8,abjc-cbka-kj,0.00015628822681187473,0.00016779658470898626,0.9314148263680649,0.013028078310149516,0.04595145235461906,False
1,f64,8,abjc-kbac-jk,6.0373650154682545e-05,0.00015752751439034388,0.3832578098393669,0.021291910078505394,5.4417716624238714,False
1,f64,8,abjcd-dkbac-jk,0.00103381288753478,0.0010576134366307947,0.9774959845708511,0.0056253635217552445,0.030980163248534476,False
1,f64,8,abrs-qb-aqrs,5.620370863208228e-05,5.563042146164273e-05,1.0103052818112268,0.013466228395716318,0.035746954008269105,False
1,f64,8,adbjc-cbdka-kj,0.0030608881662422755,0.003175844703892336,0.9638028466854286,0.01988483956261211,0.008697868514336737,False
1,f64,8,ajb-kba-jk,0.0001790572409175345,0.00013949642608325133,1.283597336111488,0.863863367770958,0.11048233337389968,False
1,f64,8,ajbc-ckba-jk,0.00021034160252788797,9.368654392173938e-05,2.245163432473247,0.7153181170191718,0.024916733420464632,False
1,f64,8,ajbdc-ckbad-jk,0.0009675498048188528,0.000966306410483238,1.0012867495466504,0.05836513403076915,0.01093007530636636,False
1,f64,8,aqrs-pa-pqrs,7.069458321540626e-05,3.768516031543451e-05,1.8759262962841177,1.6155975475841875,0.09820078621106743,False
1,f64,8,ij-ik-kj,0.0004137111718723583,0.00041073016943609096,1.0072578122039588,0.024512394429601736,0.004030202120003379,False
1,f64,8,ij-ikl-ljk,0.0003083803486767599,0.00030693873175277175,1.0046967579352264,0.0019832832914064014,0.027760804584413767,False
1,f64,8,ij-kil-lkj,0.0004391733180476701,0.00043472820203892915,1.0102250463344518,0.010122039903672997,0.006481804174767958,False
1,f64,8,ijk-ikl-lj,0.0001409996497336075,0.00014308030719844013,0.9854581143584844,0.013692551505546824,0.00968159245503497,False
1,f64,8,ijk-il-jlk,0.00039171897576068486,0.0001339820496372555,2.9236675869732487,0.048768244954941586,0.03634098985236456,False
1,f64,8,ijk-ilk-jl,0.00031591795154754977,0.00013113870833586857,2.4090366266108867,0.5582103824057023,0.01862105954961968,False
1,f64,8,ijk-ilk-lj,0.00013937243238531786,0.00014088739069199912,0.9892470270104358,0.012214049043882458,0.0024944567627493974,False
1,f64,8,ijk-ilmk-mjl,8.023488948082373e-05,7.790829699717483e-05,1.0298632183390335,0.11709802084553222,0.02589406742085476,False
1,f64,8,ijkl-imjn-lnkm,0.000862064830585844,0.0008607999905669145,1.0014693773615129,0.004496978955579989,0.0135563446172271,False
1,f64,8,ijkl-imjn-nlmk,0.0007752890680449454,0.0008112697820096593,0.9556488916971821,0.025841974271328616,0.0695665586919636,False
1,f64,8,ijkl-imkn-jnlm,0.0006064676468963534,0.0005915826337511946,1.0251613422976493,0.042005123561312585,0.008145108182787242,False
1,f64,8,ijkl-imkn-njml,0.0005936659815418094,0.0006106427664600637,0.9721984999238263,0.01225977019286173,0.003095210843865992,False
1,f64,8,ijkl-imln-jnkm,0.000593461436052925,0.0006035645951213508,0.9832608487143046,0.0009280203187607139,0.03222695045011692,False
1,f64,8,ijkl-imln-njmk,0.0006119597162036076,0.0005893992181196035,1.0382771089449019,0.027496372466524033,0.016252473714678195,False
1,f64,8,ijkl-imnj-nlkm,0.0005990613507813703,0.0006049439263311931,0.990275833356161,0.011854428153271312,0.030684493791441447,False
1,f64,8,ijkl-imnk-njml,0.0005951513298632542,0.0005960039765219692,0.9985693943458386,0.02380126269375782,0.020677013198552863,False
1,f64,8,ijkl-minj-nlmk,0.0007314079382465027,0.0007301069259156497,1.001781947663654,0.0024757105890225173,0.00623843690904502,False
1,f64,8,ijkl-mink-jnlm,0.0007362588485743312,0.0007171458895963916,1.0266514237273203,0.01590306446918821,0.0035257059443905003,False
1,f64,8,ijkl-minl-njmk,0.0007631336021955789,0.0007254017510338667,1.052015109017776,0.024167325309385257,0.0016556405414303033,False
16,c64,1,abc-bk-akc,0.05583242545647851,0.05584522291048666,0.9997708406674523,7.896533029772002e-05,0.0023935751528048055,False
16,c64,1,abcijk-eiab-jkec,0.05176827024861836,0.051791570273163036,0.9995501193645648,0.002247188626443908,0.0024487962318016088,False
16,c64,1,abcijk-eiac-jkeb,0.05099627096970307,0.05101362686858591,0.9996597791619962,0.0008426671561171384,0.0005059339644315486,False
16,c64,1,abcijk-eibc-jkea,0.052270120231341276,0.0513631413326889,1.0176581664423074,0.0018853595289126668,0.0024571075857373614,False
16,c64,1,abcijk-ejab-ikec,0.051738156079494835,0.05153289289478308,1.0039831488818385,0.002689899579372823,0.0021233746995310554,False
16,c64,1,abcijk-ejac-ikeb,0.050770352227106,0.05072863226626857,1.0008224144624764,0.0007707433495328653,0.0003402207866500806,False
16,c64,1,abcijk-ejbc-ikea,0.05245626947341016,0.05163069202293979,1.0159900520044078,0.000620938321671316,0.0020654955567502853,False
16,c64,1,abcijk-ekab-ijec,0.051693920792187764,0.05150592185608117,1.0036500450692234,0.002177591367253373,0.004654689573014181,False
16,c64,1,abcijk-ekac-ijeb,0.0507984484796643,0.05073487786682235,1.0012529962722847,0.000400939051514948,0.001096493733708015,False
16,c64,1,abcijk-ekbc-ijea,0.05234133041213016,0.05150765490178631,1.0161854681975617,0.0014133509110767495,0.001582491349593873,False
16,c64,1,abcijk-ijma-mkbc,0.052439774648995664,0.05148768575896571,1.018491584463265,0.003140436832644311,0.002309232613768808,False
16,c64,1,abcijk-ijmb-mkac,0.050717972664879915,0.05077714906048613,0.9988345860943133,0.002963285344444899,0.0018992851571687508,False
16,c64,1,abcijk-ijmc-mkab,0.05169762269987459,0.051484495551847295,1.0041396374916922,0.0019767030706069333,0.005822441955884439,False
16,c64,1,abcijk-ikma-mjbc,0.05245870756136326,0.051566676079314915,1.017298603475553,0.0011337727860275537,0.004081087528795324,False
16,c64,1,abcijk-ikmb-mjac,0.05076513045495762,0.050766431475738595,0.9999743724200587,0.0005675317040079175,6.183028557693593e-05,False
16,c64,1,abcijk-ikmc-mjab,0.051684619097564326,0.05157378843097833,1.0021489727622845,0.0017970999778992303,0.00418841056005137,False
16,c64,1,abcijk-jkma-mibc,0.05229356332180762,0.051421548663019435,1.0169581562877998,0.002365977114626494,0.0024926212938261028,False
16,c64,1,abcijk-jkmb-miac,0.05100586676386575,0.05101051219496815,0.9999089318867327,0.0001924299326956369,0.00021874354351680836,False
16,c64,1,abcijk-jkmc-miab,0.051771179300952534,0.05179260377821335,0.9995863409889073,0.0027253838364478256,0.0025265188788126114,False
16,c64,1,abcs-rc-abrs,0.03002946117967362,0.0300857754132492,0.9981282106642736,0.005988654955779049,0.000537707516767405,False
16,c64,1,abj-bka-kj,0.07431379556223784,0.07446435020933916,0.9979781647637015,0.0020756419818848126,0.0006791728580832768,False
16,c64,1,abjc-cbka-kj,0.07397321419994382,0.07384579386240048,1.0017254921489607,0.0019695949713340877,0.0006279511703586316,False
16,c64,1,abjc-kbac-jk,0.03531816508909635,0.035146315291989146,1.004889553732148,0.006404149065543763,0.0015959620627447046,False
16,c64,1,abjcd-dkbac-jk,0.04175054512760152,0.04183317715016874,0.9980247251536599,0.00040894052756579313,0.002110899912602049,False
16,c64,1,abrs-qb-aqrs,0.02980081348100048,0.029739831181025557,1.0020505260976005,0.0032830381404418407,0.005333597590298389,False
16,c64,1,adbjc-cbdka-kj,0.0761648077037609,0.07620844383667406,0.9994274107865699,0.0029443969446278917,0.001687206641055372,False
16,c64,1,ajb-kba-jk,0.06284145618015013,0.06283137320948631,1.0001604766878196,0.002268158306052648,0.002295513362448265,False
16,c64,1,ajbc-ckba-jk,0.05499533744477508,0.05497042299852778,1.0004532336643648,0.00047552721839783096,0.002270440501508375,False
16,c64,1,ajbdc-ckbad-jk,0.04361844646899501,0.0432812912364028,1.0077898607680318,0.005816368468115174,0.011101643186010701,False
16,c64,1,aqrs-pa-pqrs,0.030530186547173797,0.030319886728423888,1.0069360357653565,0.004623344433621224,0.0032945060340063836,False
16,c64,1,ij-ik-kj,0.5132949401951504,0.5133369074099878,0.999918246254591,0.0006089224159899764,0.0010641752607134514,False
16,c64,1,ij-ikl-ljk,0.06430231553168003,0.06448640905635138,0.9971452352927502,0.003950827655597067,0.00034220815269980775,False
16,c64,1,ij-kil-lkj,0.07564896824243664,0.07572973373218161,0.9989335035822178,0.0001650249842011231,0.0007094430346152869,False
16,c64,1,ijk-ikl-lj,0.05837720263319773,0.05831924535118225,1.0009937934153037,0.001521492789233525,0.001464069487425168,False
16,c64,1,ijk-il-jlk,0.06077357970277889,0.0589578741157213,1.0307966597217153,0.0032968184688157987,0.003019234820756611,False
16,c64,1,ijk-ilk-jl,0.055751921043262716,0.05583451528006668,0.9985207315512695,0.0036785489794548543,0.0018802199005566456,False
16,c64,1,ijk-ilk-lj,0.05731261438840849,0.05762901701993557,0.9945096646118807,0.0016768992498876756,0.0002581178828899855,False
16,c64,1,ijk-ilmk-mjl,0.028247316870992863,0.02847493470984996,0.9920063789021311,0.0010143094241272799,0.010383170211103021,False
16,c64,1,ijkl-imjn-lnkm,0.979393939942941,0.9812543785214651,0.9981040200999384,0.0003839780535295212,0.00023849787847851633,False
16,c64,1,ijkl-imjn-nlmk,0.9824834555250113,0.981432589991277,1.0010707465234505,0.0007842492968215264,0.0002783654940148317,False
16,c64,1,ijkl-imkn-jnlm,0.9757118343422307,0.9765823475514889,0.9991086125901818,0.0011853313582845804,0.0011947158551035564,False
16,c64,1,ijkl-imkn-njml,0.9753185448619001,0.9754423881027836,0.9998730388976386,0.0011091141656901504,0.0016694537775994167,False
16,c64,1,ijkl-imln-jnkm,0.9732583502283891,0.9748448260010801,0.9983725863538725,0.00010223175959733766,0.0006503055791602375,False
16,c64,1,ijkl-imln-njmk,0.9733383131855611,0.9718504724235817,1.0015309358838598,0.0003308615902586354,0.0011592909883164637,False
16,c64,1,ijkl-imnj-nlkm,0.9819347884809773,0.9819207820384216,1.0000142643304957,0.0009515002347004753,0.001644448035080015,False
16,c64,1,ijkl-imnk-njml,0.9755169172806979,0.9759615346612472,0.9995444314506681,0.00017466112051933713,0.0006645388857544621,False
16,c64,1,ijkl-minj-nlmk,1.1973902703684385,1.1971424292755102,1.0002070272399235,0.0002023805278795754,0.0004884824939732635,False
16,c64,1,ijkl-mink-jnlm,1.187185354378678,1.1871732769446108,1.000010173269818,0.0007350541690493984,0.0009667395465848827,False
16,c64,1,ijkl-minl-njmk,1.1856983388332383,1.1862470598467751,0.9995374310865666,0.0004837484080308929,0.0007625331258551693,False
16,c64,4,abc-bk-akc,0.014290636822616408,0.014322191282073913,0.9977968134319642,0.005573230753253444,0.0008251441749627109,False
16,c64,4,abcijk-eiab-jkec,0.013695196724301006,0.01370605443204101,0.9992078166773787,0.00040138911600107186,0.0023603985320492793,False
16,c64,4,abcijk-eiac-jkeb,0.013421282743139569,0.013422360271494727,0.9999197213952418,0.001394280437962081,0.0024660425252256424,False
16,c64,4,abcijk-eibc-jkea,0.01568586916226487,0.013766150712506746,1.1394520872137506,0.22515290374006125,0.006154846760571875,False
16,c64,4,abcijk-ejab-ikec,0.013601323834190883,0.01360333624621056,0.999852064818273,0.0013636423415943622,0.0008583178205178177,False
16,c64,4,abcijk-ejac-ikeb,0.013448626956794659,0.01337644452518,1.0053962345134975,0.003890428875571561,0.0017234108251978908,False
16,c64,4,abcijk-ejbc-ikea,0.013908217433641165,0.013903261042914573,1.0003564912369332,0.008753847830321071,0.017575935456831115,False
16,c64,4,abcijk-ekab-ijec,0.013572537174703189,0.013564149176921862,1.0006183946867524,0.004616518333795838,0.00043642308494595827,False
16,c64,4,abcijk-ekac-ijeb,0.013369655982845409,0.01327743341707764,1.0069458127087387,0.00238352835110045,0.017344430360297425,False
16,c64,4,abcijk-ekbc-ijea,0.013732238757089099,0.013915235653095496,0.9868491701780351,0.0020520356312766497,0.0031980536019985406,False
16,c64,4,abcijk-ijma-mkbc,0.013828370667897213,0.013867506607894585,0.9971778675789422,0.011078719999511488,0.013964890267563757,False
16,c64,4,abcijk-ijmb-mkac,0.013385645948488067,0.013366701727781054,1.001417269652067,0.003784194296566734,0.0017747774259133653,False
16,c64,4,abcijk-ijmc-mkab,0.01359060133860176,0.013589751529243462,1.0000625331049262,0.0006241553110390985,0.0005265646880008301,False
16,c64,4,abcijk-ikma-mjbc,0.013811665450766173,0.014305784945185427,0.9654601620035154,0.006344175842916355,0.06751065874636863,False
16,c64,4,abcijk-ikmb-mjac,0.013363631501579465,0.013390088769871394,0.9980241155419776,0.002731595859817082,0.0025869215022522596,False
16,c64,4,abcijk-ikmc-mjab,0.013618760022404756,0.013584551914770688,1.0025181623839114,0.004490221173192421,0.0005872362453256397,False
16,c64,4,abcijk-jkma-mibc,0.013789517494003336,0.013733243525076296,1.004097645892923,0.005400717880351458,0.0051617331181128545,False
16,c64,4,abcijk-jkmb-miac,0.01341803613300512,0.013443574109447607,0.9981003581164819,0.001517251681848908,0.0004819728686682456,False
16,c64,4,abcijk-jkmc-miab,0.013794157216965305,0.015273027280585535,0.9031711240704643,0.009713494301253123,0.19932590736636813,False
16,c64,4,abcs-rc-abrs,0.007835548657514036,0.007894906108173168,0.992481550781499,0.006964664024241118,0.0027405756642158163,False
16,c64,4,abj-bka-kj,0.019578059606536597,0.019454267033591884,1.0063632607042434,0.004070972288829244,0.004932872973560043,False
16,c64,4,abjc-cbka-kj,0.019983793782408086,0.019942082215676477,1.0020916354812146,0.009185547552496454,0.004158344248492818,False
16,c64,4,abjc-kbac-jk,0.009102174545749164,0.00887881752815655,1.0251561671229645,0.0016126719710640725,0.025724054740768665,False
16,c64,4,abjcd-dkbac-jk,0.012981634473969371,0.012981063892260527,1.0000439549264668,0.004501208597373796,0.005991875657155421,False
16,c64,4,abrs-qb-aqrs,0.0075901724071537405,0.00758814947605172,1.000266590834617,0.001484107490299591,0.009952363161462863,False
16,c64,4,adbjc-cbdka-kj,0.02298643493103065,0.023008555238486834,0.9990386051089734,0.004639760864706188,0.051432455016433565,False
16,c64,4,ajb-kba-jk,0.016122162331420404,0.016227976243970134,0.9934795373767541,0.0009095136804929682,0.017255831647839726,False
16,c64,4,ajbc-ckba-jk,0.014783589962775618,0.014698164636445259,1.0058119723409915,0.0005393242918196872,0.019853927064028665,False
16,c64,4,ajbdc-ckbad-jk,0.015145111396206236,0.015145069449277808,1.0000027696755414,0.0025253439482848528,0.0007452724934342569,False
16,c64,4,aqrs-pa-pqrs,0.007968579555309966,0.007966293195386923,1.00028700423986,0.003929970426903684,0.002969110868615399,False
16,c64,4,ij-ik-kj,0.13024097694427986,0.13002994009349603,1.0016229866031783,0.00030917476439729086,0.00023618888240606317,False
16,c64,4,ij-ikl-ljk,0.022624122388165736,0.022553583081885858,1.003127631916568,0.0038055270293843035,0.00756148401682577,False
16,c64,4,ij-kil-lkj,0.02624648349961316,0.026169136297328883,1.0029556650783378,1.0858656450452031e-05,0.002879585586938682,False
16,c64,4,ijk-ikl-lj,0.015106704992182413,0.014996905693222986,1.0073214635875882,6.434436042535019e-05,0.0019073427992319925,False
16,c64,4,ijk-il-jlk,0.019890870200850994,0.02011246646789252,0.9889821436174782,0.016997152345389788,0.0037130332398167543,False
16,c64,4,ijk-ilk-jl,0.014303282568731207,0.014302461811768351,1.0000573857125896,0.0024695940786720882,0.002614429967595422,False
16,c64,4,ijk-ilk-lj,0.014708296886697997,0.014745141903486959,0.9975012097523288,0.0005777319854054497,0.0010659521818162654,False
16,c64,4,ijk-ilmk-mjl,0.008021053437583183,0.007976624880971964,1.0055698440473493,0.004859506838289951,0.0003454498575645726,False
16,c64,4,ijkl-imjn-lnkm,0.25271198284080815,0.2517848056468587,1.0036824191657137,0.006732305195786825,0.0004665237456660254,False
16,c64,4,ijkl-imjn-nlmk,0.251250323637043,0.2508487332418907,1.001600926542312,0.002872299557449054,0.00020032803052183468,False
16,c64,4,ijkl-imkn-jnlm,0.24818368676701194,0.24813398702894332,1.0002002939567598,0.002331415619948096,0.0008219274411195299,False
16,c64,4,ijkl-imkn-njml,0.2489286168367308,0.24875605229269657,1.0006937099316529,0.001040666562936332,0.0002664692142801961,False
16,c64,4,ijkl-imln-jnkm,0.2476550938113983,0.24742239561098425,1.0009404896425784,0.0028525941443935388,0.0016650699141058656,False
16,c64,4,ijkl-imln-njmk,0.2481716913429141,0.24803249668825048,1.000561195232569,0.0018732871153777086,0.0003267747378521424,False
16,c64,4,ijkl-imnj-nlkm,0.25118901769144053,0.25089844849922527,1.0011581147430497,0.002247939002650412,4.970125995429342e-06,False
16,c64,4,ijkl-imnk-njml,0.24872511070367043,0.24850466437124374,1.0008870913267742,0.0031718195692629347,0.0010552780656697403,False
16,c64,4,ijkl-minj-nlmk,0.30536322350108686,0.3054615409228359,0.9996781348596225,0.00025589851782448214,0.0016496278437569956,False
16,c64,4,ijkl-mink-jnlm,0.30048925962172895,0.30065136515760127,0.9994608188930479,0.0012258926746351317,0.0004419126238806026,False
16,c64,4,ijkl-minl-njmk,0.3014342702987269,0.301190608210222,1.0008089963028821,7.308991471144388e-05,0.002074049325016536,False
16,c64,8,abc-bk-akc,0.0073193582024046345,0.007620442743552371,0.9604898886744496,0.002039413526377265,0.05524210880770186,False
16,c64,8,abcijk-eiab-jkec,0.008839576570835506,0.00884992194610913,0.9988310207325418,0.011328587067197304,0.004031657851268022,False
16,c64,8,abcijk-eiac-jkeb,0.008046270784284605,0.008341933369508654,0.9645570670337944,0.01254185393286178,0.0003536923576441531,False
16,c64,8,abcijk-eibc-jkea,0.010220607724835153,0.00829422899290778,1.2322553107196075,0.010207753313824508,8.271152991490283e-05,False
16,c64,8,abcijk-ejab-ikec,0.008865955144552223,0.008783297957930723,1.0094107232861051,0.007851282658533854,0.011130257376375408,False
16,c64,8,abcijk-ejac-ikeb,0.00857013823219025,0.00826225906057974,1.0372633161648779,0.0021118774064510237,0.0037960924311781774,False
16,c64,8,abcijk-ejbc-ikea,0.010423526725871622,0.008382584924293937,1.2434740381409966,0.01032226021174032,0.02117722872540062,False
16,c64,8,abcijk-ekab-ijec,0.008789798502400381,0.008824051054153643,0.9961182736202395,0.007893190642849435,0.009729799222874758,False
16,c64,8,abcijk-ekac-ijeb,0.008493605041967398,0.00834406823461164,1.017921330836614,0.005762379136489693,0.0019018383197511035,False
16,c64,8,abcijk-ekbc-ijea,0.010185799839421056,0.008386125142967996,1.2146014596457744,0.007628358060940421,0.005366928616959532,False
16,c64,8,abcijk-ijma-mkbc,0.010198539460474965,0.008464830422489572,1.2048132037446646,0.016745138436842333,0.005024370399276723,False
16,c64,8,abcijk-ijmb-mkac,0.00858642799133394,0.008342495391897438,1.0292397643603637,0.0053016450606899745,0.00427146166975878,False
16,c64,8,abcijk-ijmc-mkab,0.00881793598176512,0.008785239054373763,1.0037218028091197,0.0062637333940183115,0.003079398240464104,False
16,c64,8,abcijk-ikma-mjbc,0.010470478142164091,0.00834057096286723,1.2553670712448042,0.0030145201235192154,0.005739061531634282,False
16,c64,8,abcijk-ikmb-mjac,0.00861346439309991,0.008285166534606292,1.0396247748457863,0.006741625911401927,0.000670130010530956,False
16,c64,8,abcijk-ikmc-mjab,0.00880429391652505,0.008746396579210893,1.006619564616104,0.002249888390514654,0.007062531964021068,False
16,c64,8,abcijk-jkma-mibc,0.010149672138103772,0.00834784571017062,1.2158432834638873,0.009469827341907933,0.018371981016905514,False
16,c64,8,abcijk-jkmb-miac,0.008039542666207761,0.00839855322008142,0.9572532858379412,0.001152719388498813,0.006589041717735666,False
16,c64,8,abcijk-jkmc-miab,0.0088802118323022,0.008747125226932332,1.0152148965422485,0.005563477713341536,0.010454786367257274,False
16,c64,8,abcs-rc-abrs,0.004422650715485907,0.004631970227463146,0.9548098321668443,0.08468705823841005,0.002185876726127689,False
16,c64,8,abj-bka-kj,0.01081741552280747,0.010744143800274176,1.0068196893019454,0.015868541147929238,0.011721212805350212,False
16,c64,8,abjc-cbka-kj,0.011651789281228528,0.011765032296348149,0.9903746107730812,0.005042342545254264,0.0206721506524552,False
16,c64,8,abjc-kbac-jk,0.006865167553469762,0.004903308209945607,1.400109326096374,0.00782408128164902,0.011583016334865137,False
16,c64,8,abjcd-dkbac-jk,0.008859646826176765,0.008827242292542446,1.0036709690932235,0.0003960998496628232,0.009812448416199437,False
16,c64,8,abrs-qb-aqrs,0.00403815591849349,0.004103926631624888,0.9839737112684793,0.030684393975048074,0.002150983529779049,False
16,c64,8,adbjc-cbdka-kj,0.013526305537985677,0.013044509554486055,1.0369347717894024,0.035194638216756724,0.026252067124003187,False
16,c64,8,ajb-kba-jk,0.008309663412563952,0.008326765359959713,0.9979461475547278,0.0057122464405408024,0.014632544225159139,False
16,c64,8,ajbc-ckba-jk,0.04020571266354726,0.008761930358624747,4.588682061821119,0.003342481297988753,0.03630817455882207,False
16,c64,8,ajbdc-ckbad-jk,0.028739103694218754,0.009298367574070085,3.0907687252934726,0.041268506148810724,0.0015878817702388304,False
16,c64,8,aqrs-pa-pqrs,0.004349200181513838,0.004456525850405224,0.9759171891975837,0.00686767737222671,0.07361088668192672,False
16,c64,8,ij-ik-kj,0.07102897452516864,0.07111620648213741,0.9987733884963241,0.0006693170259493009,0.0016278442769195323,False
16,c64,8,ij-ikl-ljk,0.016126575951966617,0.016174467903646166,0.9970390400497346,0.0015009270887628157,0.006010202107393781,False
16,c64,8,ij-kil-lkj,0.018593638529428608,0.01845421248068091,1.0075552424084018,0.0035974126257982686,0.014643767147061393,False
16,c64,8,ijk-ikl-lj,0.007818907745643377,0.007855724760098205,0.9953133522903153,0.020326371199051785,0.004716313662993521,False
16,c64,8,ijk-il-jlk,0.01346719216432052,0.01346438247862207,1.0002086754222046,0.003984703245209942,0.0012247192639498472,False
16,c64,8,ijk-ilk-jl,0.007309272441699174,0.007412104778759135,0.9861264323522992,0.004616034968191518,0.0004885407387944518,False
16,c64,8,ijk-ilk-lj,0.007739884518156521,0.00772425555784517,1.0020233613704659,0.05357693453807788,0.019928162959627516,False
16,c64,8,ijk-ilmk-mjl,0.004696766212991658,0.004780009409943144,0.9825851395232973,0.003516861786928005,0.012827364156671295,False
16,c64,8,ijkl-imjn-lnkm,0.13553187392676538,0.13587420864666402,0.9974805025669818,0.0055832377609484896,0.007862823528947738,False
16,c64,8,ijkl-imjn-nlmk,0.13405729822364654,0.13365398694593422,1.003017577604142,0.0030247317038577526,0.0038489698368586733,False
16,c64,8,ijkl-imkn-jnlm,0.12994441807763188,0.13021688940774667,0.9979075576804665,0.0018203506716890638,0.004769996641223795,False
16,c64,8,ijkl-imkn-njml,0.13144990445524182,0.13172027514891813,0.9979473874210282,0.0011963329284632174,0.0009501758047028019,False
16,c64,8,ijkl-imln-jnkm,0.12935114195896377,0.12967876464336198,0.9974735826231903,0.00123122891431926,0.004699713951156648,False
16,c64,8,ijkl-imln-njmk,0.13104238147252645,0.13121005785733228,0.9987220767405792,0.0016220491208267518,0.0008428895032013273,False
16,c64,8,ijkl-imnj-nlkm,0.13332989402372147,0.13315825009525264,1.0012890221097532,0.002948621040202326,0.0031621033085227346,False
16,c64,8,ijkl-imnk-njml,0.1309722185076652,0.13109439355993577,0.9990680375494874,0.0015932541862579974,0.00023954312331242456,False
16,c64,8,ijkl-minj-nlmk,0.1597795417312863,0.1598882814158778,0.9993199020989622,0.003238316650311379,0.0008545988970531937,False
16,c64,8,ijkl-mink-jnlm,0.1550764049088841,0.15521626309014355,0.9990989463444419,6.856210315264732e-05,0.000750151081402306,False
16,c64,8,ijkl-minl-njmk,0.15674897151139497,0.1572025521017388,0.9971146741304155,0.001046693107430774,0.0004732149327806301,False
16,f64,1,abc-bk-akc,0.015386004752938854,0.01540303712177407,0.9988942201008437,0.0014871303451144957,0.00770324603326733,False
16,f64,1,abcijk-eiab-jkec,0.014320072360600976,0.014259954101540474,1.0042158802638788,0.002951485686187083,0.006145041118526873,False
16,f64,1,abcijk-eiac-jkeb,0.013978072893519407,0.013859428391561355,1.0085605624276894,0.007292654627215844,0.002471501097496054,False
16,f64,1,abcijk-eibc-jkea,0.013778556930177448,0.013723086865412643,1.0040420982034741,0.009315174008392546,0.0021800165200955846,False
16,f64,1,abcijk-ejab-ikec,0.0144679228970027,0.014395527792702565,1.0050289996547979,0.003410141206010908,0.00903913667972378,False
16,f64,1,abcijk-ejac-ikeb,0.013938901393333694,0.013945509407157919,0.999526154718964,0.0011001892150304116,0.014796800165507662,False
16,f64,1,abcijk-ejbc-ikea,0.01383748829846255,0.013895025996222533,0.9958591155010703,0.0008331132502352734,4.66364805808972e-05,False
16,f64,1,abcijk-ekab-ijec,0.014462418992330433,0.01434890538432197,1.0079109594054811,6.513645326333695e-05,0.015459155754117715,False
16,f64,1,abcijk-ekac-ijeb,0.013988187018784813,0.013877558192258535,1.0079717789681466,0.0032893567668836887,0.00450136308426452,False
16,f64,1,abcijk-ekbc-ijea,0.0139650111631515,0.013855206524878943,1.0079251534847486,0.0008754986602814707,0.013258833131433612,False
16,f64,1,abcijk-ijma-mkbc,0.013798152474220598,0.013966940084958123,0.9879152047828069,0.0014307790986729518,0.007380954964540276,False
16,f64,1,abcijk-ijmb-mkac,0.013951321513046568,0.014016746739237177,0.9953323529769241,0.006749582316687208,0.004181290194753218,False
16,f64,1,abcijk-ijmc-mkab,0.014437175468248421,0.014495152693786015,0.9960002335427313,0.0001326524717206734,0.0006668281380647345,False
16,f64,1,abcijk-ikma-mjbc,0.013888877119568162,0.013935454844321946,0.9966576100117204,0.006500165126211099,0.0002989943855657984,False
16,f64,1,abcijk-ikmb-mjac,0.013964584106465113,0.01395045766439811,1.0010126149554974,0.0025580857255920186,0.00043879152226100615,False
16,f64,1,abcijk-ikmc-mjab,0.014444207376227572,0.014412978628887055,1.0021667101675935,0.003847396812860504,0.015882807285243494,False
16,f64,1,abcijk-jkma-mibc,0.013622554433169353,0.013820347407705784,0.9856882776748327,0.010887455891928743,0.02491277966928851,False
16,f64,1,abcijk-jkmb-miac,0.014036528336197096,0.013838290699977652,1.014325297864986,0.00846052641099937,0.012089586396374585,False
16,f64,1,abcijk-jkmc-miab,0.014334971540509943,0.01421380228578912,1.0085247601088392,0.0014854000835098358,0.005461814003441479,False
16,f64,1,abcs-rc-abrs,0.009643264392975338,0.009305500417732138,1.0362972392757699,0.004462044991692005,0.010733409687748274,False
16,f64,1,abj-bka-kj,0.019760584998884143,0.019443731239413745,1.0162959339217832,2.1254205612719623e-05,0.000720440078118223,False
16,f64,1,abjc-cbka-kj,0.0370912588976301,0.03573767441788791,1.0378755613449955,0.002786578139014173,0.06613521146260226,False
16,f64,1,abjc-kbac-jk,0.012238850919397786,0.012044127728432474,1.0161674797341804,0.007707209231363477,0.008067060922166136,False
16,f64,1,abjcd-dkbac-jk,0.016731850651891977,0.016661866027488457,1.0042002873080398,0.018049060691600394,0.026535884611007088,False
16,f64,1,abrs-qb-aqrs,0.00857543496966457,0.00849512624599729,1.009453505615072,0.0026539926422903815,0.005526485735118047,False
16,f64,1,adbjc-cbdka-kj,0.041077510661871576,0.0409127244644269,1.0040277493029817,0.012031589031031631,0.0034627875027039012,False
16,f64,1,ajb-kba-jk,0.01789314015845771,0.01771621723733862,1.00998649535332,0.0024453169419151877,0.004869792670125994,False
16,f64,1,ajbc-ckba-jk,0.019857778256508758,0.019092647301797622,1.0400746393423974,0.002263246890588322,0.004665096060177065,False
16,f64,1,ajbdc-ckbad-jk,0.016966948334999725,0.016578770194490243,1.0234141698060624,0.034008924226897275,0.004686622301241172,False
16,f64,1,aqrs-pa-pqrs,0.007466385334874434,0.007729612117752417,0.96594566727696,0.002110304730518431,0.003916953256993816,False
16,f64,1,ij-ik-kj,0.17114908539848656,0.17106392796687522,1.0004978105707232,0.0005763128088953628,0.008871659755921302,False
16,f64,1,ij-ikl-ljk,0.017892595578726692,0.017845061553264395,1.002663707565279,0.0034101689240917388,0.00044761891790212616,False
16,f64,1,ij-kil-lkj,0.021237837487436805,0.02137050891681609,0.9937918451125471,6.879468093257124e-05,0.008028637239158032,False
16,f64,1,ijk-ikl-lj,0.015911096781677056,0.015413042837809575,1.032313797418749,0.0045144789026042575,0.00029018597144192526,False
16,f64,1,ijk-il-jlk,0.017681536780870123,0.017748533922225408,0.9962252013800763,0.004825549070756496,0.011261769772147101,False
16,f64,1,ijk-ilk-jl,0.015264173605052845,0.015206284841307953,1.0038068972368344,0.008153763734042863,0.007044211947885071,False
16,f64,1,ijk-ilk-lj,0.015363125355388207,0.015271316435624337,1.006011853670303,0.008214116202038935,0.0026126612476828903,False
16,f64,1,ijk-ilmk-mjl,0.007226684763944252,0.007445423149744211,0.9706210941405696,0.0017388416607494461,0.01955157220233339,False
16,f64,1,ijkl-imjn-lnkm,0.24966591484469022,0.24859902921670077,1.0042915920924995,0.002110043391311045,0.0002710302917686702,False
16,f64,1,ijkl-imjn-nlmk,0.2487881289556992,0.249467320319749,0.9972774335204336,3.774367066577966e-05,0.003273147664965226,False
16,f64,1,ijkl-imkn-jnlm,0.24947158353820473,0.24958450763055562,0.9995475516752905,0.0009294091719582731,0.0008272810755159954,False
16,f64,1,ijkl-imkn-njml,0.2481227078818518,0.24857279679238026,0.9981893074530421,0.0004061439210719664,0.0002344577992094976,False
16,f64,1,ijkl-imln-jnkm,0.24881557858021205,0.2495914873025212,0.9968912853130736,0.0015840680265366558,0.0006976929484729943,False
16,f64,1,ijkl-imln-njmk,0.24738729021069317,0.2477777280875351,0.9984242414366477,0.0008949403373713638,0.0016249341149603413,False
16,f64,1,ijkl-imnj-nlkm,0.24888449034225274,0.24943225853467074,0.9978039400531593,0.0017792010422671423,0.0010442710911051645,False
16,f64,1,ijkl-imnk-njml,0.24763342986839595,0.24809137593585004,0.9981541233921307,0.0019884258672617783,0.00584708116250976,False
16,f64,1,ijkl-minj-nlmk,0.3061632041253586,0.30516255802326797,1.0032790592285386,0.003564080291516225,0.0020274218043638825,False
16,f64,1,ijkl-mink-jnlm,0.30269890982420095,0.3034286302946279,0.9975950836619524,0.0029961168964918183,0.0016062919899666461,False
16,f64,1,ijkl-minl-njmk,0.3028790254641841,0.30512940291262197,0.9926248423555487,0.0009952154779946376,0.0012663493690121541,False
16,f64,4,abc-bk-akc,0.004077712586964658,0.0040348808918902425,1.0106153555016961,0.00577695195629091,0.034796762151449334,False
16,f64,4,abcijk-eiab-jkec,0.004758906032147514,0.00479958817036462,0.991523827300788,0.00203473940200527,0.017092560591441153,False
16,f64,4,abcijk-eiac-jkeb,0.004675922331612876,0.004655880839435864,1.0043045543621432,0.0016909340676980467,0.00536477035785099,False
16,f64,4,abcijk-eibc-jkea,0.0043476986752018585,0.004309265450970966,1.00891874141154,0.029351517199407207,0.006157413812169277,False
16,f64,4,abcijk-ejab-ikec,0.004755346608185674,0.004835107714671411,0.9835037580975261,0.003007235885760462,0.009868594023600075,False
16,f64,4,abcijk-ejac-ikeb,0.004631877502147374,0.0046373672671706735,0.9988161892929718,0.0027910936655146656,0.0006339656308227415,False
16,f64,4,abcijk-ejbc-ikea,0.004398061155283882,0.004418597242139071,0.9953523514975882,0.0060261777489818424,0.015948331697820173,False
16,f64,4,abcijk-ekab-ijec,0.004788769338374526,0.004801140753776127,0.9974232341778627,0.004936847924669863,0.02471553718231112,False
16,f64,4,abcijk-ekac-ijeb,0.00462292482279617,0.004639720016499918,0.9963801277568431,0.0005536086743560542,0.0033491149554076838,False
16,f64,4,abcijk-ekbc-ijea,0.004411047761606533,0.00443089208282576,0.9955213711261115,0.00375329932613222,0.018237626143467134,False
16,f64,4,abcijk-ijma-mkbc,0.004370339197706513,0.0044225763856654875,0.9881885165108087,0.000743601561311702,0.001418753164741382,False
16,f64,4,abcijk-ijmb-mkac,0.004649357026672828,0.0046539458492595295,0.9990139931285552,0.007944410548902048,0.013040304764705857,False
16,f64,4,abcijk-ijmc-mkab,0.0048199220448484435,0.004835391528218579,0.9968007795687572,0.012666600273963713,0.0008838762109848464,False
16,f64,4,abcijk-ikma-mjbc,0.004508587349980036,0.004428292857351804,1.0181321550346265,0.04021580902936828,0.0005077737036918162,False
16,f64,4,abcijk-ikmb-mjac,0.004641323101100375,0.004629906823284027,1.0024657683733362,0.004442406988655723,0.0035276589318100626,False
16,f64,4,abcijk-ikmc-mjab,0.0047806888391863575,0.004781004716849797,0.9999339306940389,0.000518619159757483,0.009708142031309652,False
16,f64,4,abcijk-jkma-mibc,0.004313798206790855,0.004318026023432929,0.9990208913473122,0.0007371293758223763,0.013617907823644027,False
16,f64,4,abcijk-jkmb-miac,0.00466426143755729,0.004648665720729121,1.0033548802527628,0.00789568390230122,0.0036522117041691837,False
16,f64,4,abcijk-jkmc-miab,0.0048084829373745315,0.004856166988730515,0.9901807224779045,0.003767255082753329,0.002224792032545886,False
16,f64,4,abcs-rc-abrs,0.002705138277746999,0.0026390674663786073,1.0250356658971875,0.05883469486189696,0.12463032042559863,False
16,f64,4,abj-bka-kj,0.0056830289721014095,0.00564231080713904,1.0072165760366922,0.005520160186102796,0.010573517742731964,False
16,f64,4,abjc-cbka-kj,0.01278689511962603,0.01266029769332649,1.0099995615716266,0.0023598803429485393,0.02463095074277899,False
16,f64,4,abjc-kbac-jk,0.0035086924671464156,0.00359640178160547,0.9756119255341098,0.009105231951081372,0.01394506920596883,False
16,f64,4,abjcd-dkbac-jk,0.007129841216945017,0.007060491288303527,1.0098222525614295,0.0025505682956019626,0.0015842878111043124,False
16,f64,4,abrs-qb-aqrs,0.002355392272567353,0.0022864572029441094,1.0301492936471677,0.013407791144301573,0.02503853461739247,False
16,f64,4,adbjc-cbdka-kj,0.013345011223769429,0.013397557472120245,0.996077923273689,0.001290902511516201,0.008901568810412153,False
16,f64,4,ajb-kba-jk,0.00510672264634981,0.004897001396400659,1.0428264631705635,0.0357466245195911,0.013501914880188703,False
16,f64,4,ajbc-ckba-jk,0.007767530478213266,0.007546666037040462,1.0292664919964338,0.0821732091159253,0.008168596215279211,False
16,f64,4,ajbdc-ckbad-jk,0.007052814049775876,0.0070272940353441875,1.0036315563719598,0.015902344243487132,0.0018388107865123793,False
16,f64,4,aqrs-pa-pqrs,0.0022911139894996493,0.0022279707474605675,1.0283411450132602,0.008528662329032266,0.06187118106608924,False
16,f64,4,ij-ik-kj,0.043002945216119366,0.04296121520131707,1.0009713415834898,0.0024476915015445577,0.0037640341180948944,False
16,f64,4,ij-ikl-ljk,0.006710999390359606,0.006670934122014698,1.0060059457359487,0.006584384875964688,0.002978973190292278,False
16,f64,4,ij-kil-lkj,0.007773891335259067,0.007812779499867509,0.9950224930053252,0.010324613633199253,1.1647515463453217e-05,False
16,f64,4,ijk-ikl-lj,0.004296776257668067,0.0041729989110949935,1.029661485471271,0.015994810946744265,0.027488583365720798,False
16,f64,4,ijk-il-jlk,0.005680697470622072,0.005440855526186668,1.0440816601876401,0.06387521551845277,0.02102611512734054,False
16,f64,4,ijk-ilk-jl,0.004289710575149214,0.004196696453740728,1.0221636523951068,0.10640261074236412,0.05904293678750716,False
16,f64,4,ijk-ilk-lj,0.004122660253356805,0.004097190460559285,1.0062164043977697,0.00997063258682307,0.0002775457437860229,False
16,f64,4,ijk-ilmk-mjl,0.0023768350290560764,0.0024087257614608185,0.9867603307462444,0.028180881181005812,0.00665291264865675,False
16,f64,4,ijkl-imjn-lnkm,0.06598383213192213,0.06555428086825586,1.0065526043147286,0.013701103717950858,0.011911449871123914,False
16,f64,4,ijkl-imjn-nlmk,0.06584529390935552,0.0655765957709834,1.0040974700685974,0.00010494846597453034,0.004893179440340623,False
16,f64,4,ijkl-imkn-jnlm,0.06510876987689883,0.06508510222585565,1.0003636416051258,0.0014515481928063512,0.012057819022805005,False
16,f64,4,ijkl-imkn-njml,0.065671680840879,0.0650633428325363,1.0093499347229742,0.0016256576702931014,0.006348025108279476,False
16,f64,4,ijkl-imln-jnkm,0.0648747758566785,0.06482728405458475,1.0007325897233912,0.0036329676250004272,0.008843820844875672,False
16,f64,4,ijkl-imln-njmk,0.06555777170053595,0.06490866712934223,1.0100002757705724,0.0017205106434136086,0.0030219339630574993,False
16,f64,4,ijkl-imnj-nlkm,0.06584854589700137,0.06570170548675562,1.002234955838024,0.00945608261729336,0.006858750719172524,False
16,f64,4,ijkl-imnk-njml,0.06562060771122666,0.06494654116984683,1.0103787904519352,0.00519804702179949,0.002851660840875292,False
16,f64,4,ijkl-minj-nlmk,0.07981451841546497,0.0797272002267163,1.0010952120292744,0.00045699283209066355,0.0023255704149711676,False
16,f64,4,ijkl-mink-jnlm,0.07869468821416159,0.07864007850057589,1.000694425980072,0.0035766112696240526,0.007820868986597063,False
16,f64,4,ijkl-minl-njmk,0.07954071173030047,0.07936382877786945,1.0022287603200961,0.0015929573512132311,0.014158487454702162,False
16,f64,8,abc-bk-akc,0.0023128110892835585,0.002300463937287433,1.0053672443179806,0.04952491273240611,0.01775460354074676,False
16,f64,8,abcijk-eiab-jkec,0.0036332621468045767,0.0036335182378003828,0.9999295198265026,0.0065898680846778745,0.010820789097532257,False
16,f64,8,abcijk-eiac-jkeb,0.003591998824412948,0.00361563309300529,0.9934633111313025,0.009016436077601497,0.0014176298126276077,False
16,f64,8,abcijk-eibc-jkea,0.003698098863185515,0.0036343736823821514,1.0175340199914706,0.007901836640176185,0.046878618027130003,False
16,f64,8,abcijk-ejab-ikec,0.00362157069509474,0.0036029999987737993,1.005154231564602,0.0030789937799804434,5.217737866403116e-05,False
16,f64,8,abcijk-ejac-ikeb,0.003544584449857416,0.003635469456527038,0.9750004757964754,0.001868710541810481,0.0018412557254121609,False
16,f64,8,abcijk-ejbc-ikea,0.0036619936244822984,0.003560355601331277,1.0285471549844676,0.0017319801624426923,0.004822118195973002,False
16,f64,8,abcijk-ekab-ijec,0.003639328422786957,0.003646510258115559,0.998030490847347,0.003177048630806034,0.001649257532700954,False
16,f64,8,abcijk-ekac-ijeb,0.0035527713728527484,0.0036035019541244876,0.9859218665848997,0.0005349321078013114,0.000319083082853,False
16,f64,8,abcijk-ekbc-ijea,0.003669284127063616,0.003569409172208897,1.0279808085977749,0.003254183571325009,0.008745314658278547,False
16,f64,8,abcijk-ijma-mkbc,0.0036666327819379458,0.00362721663295646,1.0108667755389504,0.0035258911103766,0.03452923993954771,False
16,f64,8,abcijk-ijmb-mkac,0.003574592333375094,0.003639033145269221,0.9822917766006335,0.009377770451781342,0.006584911727343767,False
16,f64,8,abcijk-ijmc-mkab,0.003641870762740353,0.003640744609385283,1.000309319514521,0.009003446063650666,0.0067982533502073395,False
16,f64,8,abcijk-ikma-mjbc,0.003640571299143034,0.003585912539272535,1.0152426360854823,0.0028558193577348234,0.0037893232047196967,False
16,f64,8,abcijk-ikmb-mjac,0.0035573186525064073,0.0036214290096769812,0.9822969449354766,0.0020362566576410668,0.001041291101505859,False
16,f64,8,abcijk-ikmc-mjab,0.003687417112492157,0.0036490175330255678,1.01052326526772,0.004758506799322992,0.019640265828184122,False
16,f64,8,abcijk-jkma-mibc,0.0037003804166801553,0.003538985535093355,1.0456048435311116,0.0015315546780976241,0.0010256781406163817,False
16,f64,8,abcijk-jkmb-miac,0.0035547320162268212,0.0035979215299630977,0.9879959822979465,0.02515811837261739,0.011065967092749318,False
16,f64,8,abcijk-jkmc-miab,0.003663380069176552,0.0036573115285541374,1.0016592900481776,0.010809223490150233,0.00101498454977067,False
16,f64,8,abcs-rc-abrs,0.0021055088161924186,0.0019508080906332124,1.0793008427133353,0.09833576265744004,0.013177580087483931,False
16,f64,8,abj-bka-kj,0.0043106143963045455,0.0042111807238864735,1.0236118274036705,0.01481885545485262,0.05208572476880957,False
16,f64,8,abjc-cbka-kj,0.008434339106781989,0.008365244652394094,1.008259705156157,0.02465216531947967,0.021845864497201495,False
16,f64,8,abjc-kbac-jk,0.0024421313127082254,0.002448519560313946,0.9973909754656395,0.00411373137133908,0.005389905687851471,False
16,f64,8,abjcd-dkbac-jk,0.0044589036319804,0.004559497536898008,0.9779375020814145,0.0018290440908745875,0.0009018214819143111,False
16,f64,8,abrs-qb-aqrs,0.001540688412182035,0.0015442774959621086,0.9976758815760391,0.0249639970082427,0.02566595397207383,False
16,f64,8,adbjc-cbdka-kj,0.008069689561564806,0.00804860967248692,1.0026190721050798,0.019229210214076753,0.008183383030530011,False
16,f64,8,ajb-kba-jk,0.002963828884519145,0.002957702445047507,1.002071350849338,0.15974462138496115,0.09823018569763287,False
16,f64,8,ajbc-ckba-jk,0.005097059387585159,0.005078821093277553,1.0035910487832986,0.0004199579061341385,0.01182980041028503,False
16,f64,8,ajbdc-ckbad-jk,0.004421234301058472,0.004520109134617216,0.9781255649777321,0.01201116539734004,0.0030863144367017092,False
16,f64,8,aqrs-pa-pqrs,0.0015236905180892213,0.0014872557851573483,1.0244979601326738,0.08303622771707875,0.0030325286871707435,False
16,f64,8,ij-ik-kj,0.021935833731843886,0.02191879117736984,1.0007775316775516,0.00117297009804318,0.0019391456929452877,False
16,f64,8,ij-ikl-ljk,0.0035099680924655144,0.0035244496701871057,0.9958911095130428,0.0064982783206744,0.008056836145356017,False
16,f64,8,ij-kil-lkj,0.004208515315292556,0.004327480328227963,0.9725094041076505,0.006616683733932427,0.006865308957326177,False
16,f64,8,ijk-ikl-lj,0.0024373420933910773,0.002475638793440392,0.9845305784709837,0.013394967544640424,0.015711501752349255,False
16,f64,8,ijk-il-jlk,0.002434776386364875,0.0023570307117167563,1.0329845827895439,0.07943300252832541,0.010493792772809152,False
16,f64,8,ijk-ilk-jl,0.0022138255217247814,0.002244999478188804,0.9861140473452704,0.02195148681230341,0.014732283277312685,False
16,f64,8,ijk-ilk-lj,0.002263341865751173,0.002268254849603545,0.9978340247555381,0.028707106937009508,0.003062094057285636,False
16,f64,8,ijk-ilmk-mjl,0.0016843439709112269,0.0017209650134462349,0.9787206350803876,0.06783450217090303,0.0033940621604705568,False
16,f64,8,ijkl-imjn-lnkm,0.03563774501540782,0.0355248449791061,1.003178058521244,0.011345461403906021,0.0011144009946250089,False
16,f64,8,ijkl-imjn-nlmk,0.03601982681205314,0.0360194128992709,1.0000114913805895,0.0020889131353424295,0.0010638041940989051,False
16,f64,8,ijkl-imkn-jnlm,0.03398416814384934,0.03392618452983066,1.001709110966124,0.0050866326761316305,0.0025014880991467425,False
16,f64,8,ijkl-imkn-njml,0.0343769861659235,0.034390106132589235,0.9996184958948615,0.019000381551353862,0.005887083138407689,False
16,f64,8,ijkl-imln-jnkm,0.0334615860322735,0.033696043779983045,0.9930419799653505,0.006815372815856424,0.0009393424235212278,False
16,f64,8,ijkl-imln-njmk,0.03428562138887554,0.034117012553401785,1.004942075019313,0.01890755355715923,0.007133019635467974,False
16,f64,8,ijkl-imnj-nlkm,0.0361948203867562,0.036268110586352965,0.9979792109814415,0.0030821724992069477,0.0011887124071561228,False
16,f64,8,ijkl-imnk-njml,0.03442664784397883,0.03446038821236215,0.9990208941299386,0.011985305658223422,0.008235819357205854,False
16,f64,8,ijkl-minj-nlmk,0.043581537787513995,0.043592537064431405,0.9997476798172781,0.005450267479140236,0.0005131442207485515,False
16,f64,8,ijkl-mink-jnlm,0.040710145743986036,0.04060563652047534,1.0025737614889498,0.009242512737046238,0.004770851600824688,False
16,f64,8,ijkl-minl-njmk,0.041234970413372256,0.04199156800689619,0.9819821542886972,0.03351816609386837,0.0024464698403741103,False
