case,dtype,threads,arm,ns
gemm_n64,f64,1,prepare_concrete,321.0
gemm_n64,f64,1,prepare_trait,460.0
gemm_n64,f64,1,exec_concrete,10290.0
gemm_n64,f64,1,exec_trait,10309.0
gemm_n64,c64,1,prepare_concrete,5521.0
gemm_n64,c64,1,prepare_trait,5781.0
gemm_n64,c64,1,exec_concrete,61475.0
gemm_n64,c64,1,exec_trait,61295.0
gemm_n64,f64,4,prepare_concrete,321.0
gemm_n64,f64,4,prepare_trait,491.0
gemm_n64,f64,4,exec_concrete,10400.0
gemm_n64,f64,4,exec_trait,10409.0
gemm_n64,c64,4,prepare_concrete,5500.0
gemm_n64,c64,4,prepare_trait,5671.0
gemm_n64,c64,4,exec_concrete,20829.0
gemm_n64,c64,4,exec_trait,20539.0
mps_env_chi32,f64,1,prepare_concrete,330.0
mps_env_chi32,f64,1,prepare_trait,501.0
mps_env_chi32,f64,1,exec_concrete,2815.0
mps_env_chi32,f64,1,exec_trait,2805.0
mps_env_chi32,c64,1,prepare_concrete,331.0
mps_env_chi32,c64,1,prepare_trait,491.0
mps_env_chi32,c64,1,exec_concrete,10640.0
mps_env_chi32,c64,1,exec_trait,10640.0
mps_env_chi32,f64,4,prepare_concrete,330.0
mps_env_chi32,f64,4,prepare_trait,471.0
mps_env_chi32,f64,4,exec_concrete,2805.0
mps_env_chi32,f64,4,exec_trait,2805.0
mps_env_chi32,c64,4,prepare_concrete,341.0
mps_env_chi32,c64,4,prepare_trait,481.0
mps_env_chi32,c64,4,exec_concrete,10660.0
mps_env_chi32,c64,4,exec_trait,10640.0
