case,variant,threads,speedup,baseline_AA,candidate_AA,above_noise_regression
hadamard_mat_2048_bT_c64,plan_exec,1,0.9982993163270824,0.0018928737573116194,0.0007460913079428977,False
hadamard_mat_2048_bT_f64,plan_exec,1,0.9547934709293509,0.0356912815673629,0.15063273794048615,False
hadamard_mat_2048_c64,plan_exec,1,0.9661673585606217,0.01415699144405469,0.08760662056705915,False
hadamard_mat_2048_f64,plan_exec,1,0.9988084208781831,0.008272333990613445,0.007699343386496471,False
hadamard_mat_256_c64,plan_exec,1,0.9950766714131994,0.006896902756216017,0.005593095943107418,False
hadamard_mat_256_f64,plan_exec,1,1.0019670274715167,0.008199409642505762,0.023285328036197095,False
hadamard_rank12_3_c64,plan_exec,1,1.0050242278454797,0.04350169001483617,0.060737318317451106,False
hadamard_rank12_3_f64,plan_exec,1,0.9647149733605469,0.10936045967730013,0.01708736980943293,False
hadamard_rank4_16_c64,plan_exec,1,0.9970860407532919,0.007884795781254006,0.004036937982540234,False
hadamard_rank4_16_f64,plan_exec,1,1.0075882045763371,0.014734774066797574,0.0015842665938268219,False
hadamard_rank4_32_bT_c64,plan_exec,1,1.000994005902384,0.015693929436354948,0.012841261324455955,False
hadamard_rank4_32_bT_f64,plan_exec,1,0.9935172135936888,0.028622873077495337,0.0005275665143897879,False
hadamard_rank4_32_c64,plan_exec,1,1.0013090562860354,0.0010426174782736108,0.00011742308005446844,False
hadamard_rank4_32_f64,plan_exec,1,0.9597897338146063,0.004361232027437101,0.030334699530192744,False
hadamard_vec_2e10_c64,plan_exec,1,0.9593988815092503,0.02812939521800284,0.025606469002695365,False
hadamard_vec_2e10_f64,plan_exec,1,1.0167796946962167,0.016638935108153063,0.016920473773265554,False
hadamard_vec_2e14_c64,plan_exec,1,0.983694515334798,0.016915979309380713,0.027789299046038884,False
hadamard_vec_2e14_f64,plan_exec,1,1.0062806797567034,0.00024894199651481763,0.012348790322580738,False
hadamard_vec_2e18_c64,plan_exec,1,1.0614427366925103,0.012958157638663703,0.02467201371244543,False
hadamard_vec_2e18_f64,plan_exec,1,0.9991120791038824,0.005769996020692503,0.004646850406737402,False
hadamard_vec_2e22_c64,plan_exec,1,0.9650619844745526,0.01480400293461237,0.08713552045974393,False
hadamard_vec_2e22_f64,plan_exec,1,0.996194097173864,0.0005434938903350339,0.004462691182278933,False
hadamard_vec_2e24_c64,plan_exec,1,1.0023778605850637,0.0003852906547940904,0.0012011926843651377,False
hadamard_vec_2e24_f64,plan_exec,1,1.0011699524421842,0.0032102842071750626,0.00028647119668834264,False
hadamard_mat_2048_bT_c64,packed_exec,1,1.0330119337239183,0.016790227164205085,0.002015001316816978,False
hadamard_mat_2048_bT_f64,packed_exec,1,1.0502080424743068,0.042726847926549905,0.0037767837887447975,False
hadamard_mat_2048_c64,packed_exec,1,1.0377904723500249,0.014272727654647044,0.0030356906480959456,False
hadamard_mat_2048_f64,packed_exec,1,1.0403714094849146,0.0016012937947218475,0.008679257675390017,False
hadamard_mat_256_c64,packed_exec,1,1.0407860791457009,0.01102598491606499,0.0019210131657649843,False
hadamard_mat_256_f64,packed_exec,1,1.0411268502413265,0.006674663473717812,0.011158954783324182,False
hadamard_rank12_3_c64,packed_exec,1,1.0292134907319737,0.009196944960605524,0.013243685849973819,False
hadamard_rank12_3_f64,packed_exec,1,1.0370871491188418,0.0009410577519703978,0.010257335168839532,False
hadamard_rank4_16_c64,packed_exec,1,1.0386377789431969,0.008853521454058821,0.001655020334849766,False
hadamard_rank4_16_f64,packed_exec,1,1.041054182592562,0.006273135604133673,0.009956457680660558,False
hadamard_rank4_32_bT_c64,packed_exec,1,1.0998076101879233,0.011664577493184725,0.14425844885420513,False
hadamard_rank4_32_bT_f64,packed_exec,1,1.0052995362752246,0.0188215248623409,0.012158452157613242,False
hadamard_rank4_32_c64,packed_exec,1,1.035722737704954,0.006867986797292502,0.0027531056082794603,False
hadamard_rank4_32_f64,packed_exec,1,1.0404558699662805,0.005034593281758815,0.006858687135957275,False
hadamard_vec_2e10_c64,packed_exec,1,1.0254676666074618,0.016381021107703342,0.010094427777504578,False
hadamard_vec_2e10_f64,packed_exec,1,1.0419881909739916,0.0032527835375739667,0.00812958058754698,False
hadamard_vec_2e14_c64,packed_exec,1,1.0298484473769913,0.012146810151797638,0.016399878817106472,False
hadamard_vec_2e14_f64,packed_exec,1,1.0428702522710538,0.001699443701087322,0.005391545240240436,False
hadamard_vec_2e18_c64,packed_exec,1,1.0324772820928416,0.006453037771447345,0.019610351195567866,False
hadamard_vec_2e18_f64,packed_exec,1,1.0422918395414056,0.008629870546027707,0.012083114149561203,False
hadamard_vec_2e22_c64,packed_exec,1,1.040946084075803,0.012772064558377094,0.0030119174165206264,False
hadamard_vec_2e22_f64,packed_exec,1,1.0417816003202296,0.0048654299286552405,0.009153376320800932,False
hadamard_vec_2e24_c64,packed_exec,1,1.0374210970234874,0.010142300559812911,0.0019137678842922057,False
hadamard_vec_2e24_f64,packed_exec,1,1.0426632454382645,0.003043989684062609,0.010221534950593192,False
hadamard_mat_2048_bT_c64,plan_plan,1,0.9648815004771828,0.0,0.0037037037037037646,False
hadamard_mat_2048_bT_f64,plan_plan,1,0.999384804617259,0.07279693486590033,0.0037037037037037646,False
hadamard_mat_2048_c64,plan_plan,1,0.9453652076667249,0.07279693486590033,0.03558718861209975,False
hadamard_mat_2048_f64,plan_plan,1,0.9813763961886948,0.03831417624521083,0.0,False
hadamard_mat_256_c64,plan_plan,1,0.95258561549013,0.0034482758620688614,0.03333333333333344,False
hadamard_mat_256_f64,plan_plan,1,1.033210332103321,0.0,0.0,False
hadamard_rank12_3_c64,plan_plan,1,0.986789380181959,0.0539083557951483,0.026246719160105014,False
hadamard_rank12_3_f64,plan_plan,1,1.0101018193623321,0.07055961070559613,0.0,False
hadamard_rank4_16_c64,plan_plan,1,0.9699069675364805,0.03322259136212624,0.03548387096774186,False
hadamard_rank4_16_f64,plan_plan,1,0.9869154047480626,0.06644518272425248,0.032258064516129004,False
hadamard_rank4_32_bT_c64,plan_plan,1,0.9524864188229614,0.0,0.030211480362537735,False
hadamard_rank4_32_bT_f64,plan_plan,1,0.9256075363212888,0.003225806451612856,0.03333333333333344,False
hadamard_rank4_32_c64,plan_plan,1,0.9999083703667843,0.06562500000000004,0.05919003115264787,False
hadamard_rank4_32_f64,plan_plan,1,1.0016116045911274,0.0,0.003225806451612856,False
hadamard_vec_2e10_c64,plan_plan,1,0.9980824526939039,0.0038461538461538325,0.0,False
hadamard_vec_2e10_f64,plan_plan,1,0.9739859591640162,0.028490028490028463,0.024930747922437657,False
hadamard_vec_2e14_c64,plan_plan,1,0.979425060785615,0.0,0.034482758620689724,False
hadamard_vec_2e14_f64,plan_plan,1,0.9863939238321437,0.030555555555555447,0.002702702702702675,False
hadamard_vec_2e18_c64,plan_plan,1,1.2260476532420892,0.028037383177569986,0.034482758620689724,False
hadamard_vec_2e18_f64,plan_plan,1,1.0,0.027700831024930705,0.027700831024930705,False
hadamard_vec_2e22_c64,plan_plan,1,1.1374570446735395,0.0,0.0,False
hadamard_vec_2e22_f64,plan_plan,1,0.9623924677555513,0.03984063745019917,0.03831417624521083,False
hadamard_vec_2e24_c64,plan_plan,1,1.0540925533894598,0.03202846975088969,0.07662835249042144,False
hadamard_vec_2e24_f64,plan_plan,1,0.9813067629253163,0.0038461538461538325,0.034482758620689724,False
hadamard_mat_2048_bT_c64,packed_plan,1,0.8445929981137817,0.004391828219215244,0.11406291588907491,True
hadamard_mat_2048_bT_f64,packed_plan,1,0.8024862068064222,0.004485090815195658,0.00619933542322082,True
hadamard_mat_2048_c64,packed_plan,1,0.8408870286057224,0.0022556891190574913,0.11500975141015157,True
hadamard_mat_2048_f64,packed_plan,1,0.7961386432784365,0.011429028828965127,0.006742388896149087,True
hadamard_mat_256_c64,packed_plan,1,0.687839825231188,0.06624195540531752,0.0013061295234793047,True
hadamard_mat_256_f64,packed_plan,1,0.5332588355797642,0.023804678589513628,0.0031000432157515245,True
hadamard_rank12_3_c64,packed_plan,1,0.6366583797081667,0.006140111269088644,0.0614448294208485,True
hadamard_rank12_3_f64,packed_plan,1,0.8674373583969225,0.01139476700368669,0.010274582422497014,True
hadamard_rank4_16_c64,packed_plan,1,0.6554025647465193,0.004406391397360876,0.002048012095974716,True
hadamard_rank4_16_f64,packed_plan,1,0.5862383828674625,0.018515007299823694,0.21978937637037643,True
hadamard_rank4_32_bT_c64,packed_plan,1,1.075702965563498,0.038914176104128284,0.02807235621104831,False
hadamard_rank4_32_bT_f64,packed_plan,1,1.135070286866203,0.07628416749090272,0.07867935750111399,False
hadamard_rank4_32_c64,packed_plan,1,0.8288064264630668,0.10504230555336758,0.002880735557142522,True
hadamard_rank4_32_f64,packed_plan,1,0.8474338063597256,0.01904280842447692,0.027986015428710376,True
hadamard_vec_2e10_c64,packed_plan,1,0.8622036215066987,0.015483563601715211,0.007158928206177029,True
hadamard_vec_2e10_f64,packed_plan,1,0.8022702713813705,0.03585467540202503,0.001879699248120259,True
hadamard_vec_2e14_c64,packed_plan,1,0.676731805713586,0.021057838391689954,0.004874461852295564,True
hadamard_vec_2e14_f64,packed_plan,1,0.837984818219971,0.02521225989040765,0.011850693295635706,True
hadamard_vec_2e18_c64,packed_plan,1,0.6602402507837634,0.008366350122257504,0.007337699992605584,True
hadamard_vec_2e18_f64,packed_plan,1,0.8199529871739699,0.03232294722999329,0.12456595125488601,True
hadamard_vec_2e22_c64,packed_plan,1,0.8718813279290553,0.009717193340967434,0.007993454888508111,True
hadamard_vec_2e22_f64,packed_plan,1,0.8391761296900777,0.004520212726628392,0.0888413054136683,True
hadamard_vec_2e24_c64,packed_plan,1,0.8968814709157894,0.012645407987286195,0.0075838663469203205,True
hadamard_vec_2e24_f64,packed_plan,1,0.8557679510760355,0.021445785753720248,0.10418052099887887,True
hadamard_mat_2048_bT_c64,plan_exec,4,1.00028757441866,0.0035844275137504322,0.0198059388690226,False
hadamard_mat_2048_bT_f64,plan_exec,4,0.9954863874303275,0.00798932930931917,0.016550088057304846,False
hadamard_mat_2048_c64,plan_exec,4,0.995871756587517,0.009011656928550105,0.0020163354870168515,False
hadamard_mat_2048_f64,plan_exec,4,1.0119704827217648,0.009959189717765105,0.00520127964768613,False
hadamard_mat_256_c64,plan_exec,4,1.0023420347192944,0.023404507242372752,0.04077236096704695,False
hadamard_mat_256_f64,plan_exec,4,0.9749055097494974,0.0020881186051366907,0.013031316094698875,False
hadamard_rank12_3_c64,plan_exec,4,1.0197310250333282,0.036133661636477354,0.028409970423910247,False
hadamard_rank12_3_f64,plan_exec,4,0.9105330825663145,0.10799648641568171,0.10037265691093289,False
hadamard_rank4_16_c64,plan_exec,4,0.9846828702064276,0.012342366514622949,0.07442258340461927,False
hadamard_rank4_16_f64,plan_exec,4,0.9818606075104589,0.016578386186971272,0.010775862068965525,False
hadamard_rank4_32_bT_c64,plan_exec,4,1.0096055573923624,0.0028097549744174888,7.405918844982651e-05,False
hadamard_rank4_32_bT_f64,plan_exec,4,1.0554229069007448,0.07932317257331434,0.048354778968080936,False
hadamard_rank4_32_c64,plan_exec,4,0.9364272863696796,0.004556192370784196,0.16262973681419424,False
hadamard_rank4_32_f64,plan_exec,4,0.9927148000503793,0.06453372218522513,0.0900557477893118,False
hadamard_vec_2e10_c64,plan_exec,4,0.8876559079260089,0.0014903129657228842,0.01196808510638303,True
hadamard_vec_2e10_f64,plan_exec,4,0.9922976898779668,0.0,0.04909983633387882,False
hadamard_vec_2e14_c64,plan_exec,4,1.0199579735533908,0.007990249187432186,0.02648452746027319,False
hadamard_vec_2e14_f64,plan_exec,4,0.9962760175070593,0.002262443438914019,0.015376859087471662,False
hadamard_vec_2e18_c64,plan_exec,4,1.0750752465699855,0.0332104614004598,0.015114742100978962,False
hadamard_vec_2e18_f64,plan_exec,4,0.909660595145762,0.012706883954382242,0.21918894067662253,False
hadamard_vec_2e22_c64,plan_exec,4,0.9949964852308293,0.01461333285476174,0.00031981234129885294,False
hadamard_vec_2e22_f64,plan_exec,4,1.0071193302508517,0.02451374925438632,0.011228611674066302,False
hadamard_vec_2e24_c64,plan_exec,4,0.9988389663668644,0.00024003827082696994,0.000773089893187251,False
hadamard_vec_2e24_f64,plan_exec,4,0.9997285247470772,0.0011919859097779817,0.0028396196243833938,False
hadamard_mat_2048_bT_c64,packed_exec,4,1.0196292668496645,0.03025940348943723,0.0018449416856962664,False
hadamard_mat_2048_bT_f64,packed_exec,4,1.019923574569383,0.05413203058469662,0.0001566906874062024,False
hadamard_mat_2048_c64,packed_exec,4,1.0239014621179536,0.029069312034424977,0.008971228509318196,False
hadamard_mat_2048_f64,packed_exec,4,1.030580874222863,0.045922207244142754,0.011665300716987792,False
hadamard_mat_256_c64,packed_exec,4,0.9881627316893313,0.04073392233504247,0.021209456402025095,False
hadamard_mat_256_f64,packed_exec,4,0.98211768881329,0.042418989039683774,0.02361252797849711,False
hadamard_rank12_3_c64,packed_exec,4,1.0071858444165158,0.027287936112353695,0.03073569807183918,False
hadamard_rank12_3_f64,packed_exec,4,1.0056919526748196,0.01079459978017816,0.01014269834902759,False
hadamard_rank4_16_c64,packed_exec,4,0.9853801134628734,0.05006937613565876,0.01851123232047347,False
hadamard_rank4_16_f64,packed_exec,4,0.9823431737165245,0.04353596703734319,0.02168852591893211,False
hadamard_rank4_32_bT_c64,packed_exec,4,1.0091165947335499,0.02302358266617288,0.0018340172074797767,False
hadamard_rank4_32_bT_f64,packed_exec,4,1.0032772550510665,0.014365708633727214,0.0006552843619829218,False
hadamard_rank4_32_c64,packed_exec,4,1.005986748461043,0.022389681780174975,0.03970826576534181,False
hadamard_rank4_32_f64,packed_exec,4,1.0328993707488896,0.04706726128370109,0.01336059344638496,False
hadamard_vec_2e10_c64,packed_exec,4,0.9828461497401227,0.04381757176587553,0.015577374856936332,False
hadamard_vec_2e10_f64,packed_exec,4,0.9778354502432132,0.041143962704922155,0.030881071825527906,False
hadamard_vec_2e14_c64,packed_exec,4,0.987903150100575,0.046898213988165516,0.019239137332402567,False
hadamard_vec_2e14_f64,packed_exec,4,0.9806033077566432,0.04364537337939112,0.028270438813972953,False
hadamard_vec_2e18_c64,packed_exec,4,1.075885386661415,0.0070347419663072674,0.009895049230042474,False
hadamard_vec_2e18_f64,packed_exec,4,0.9809875143527181,0.04539723066714596,0.02147414623457866,False
hadamard_vec_2e22_c64,packed_exec,4,1.0197208210288553,0.029218490399469443,0.002259079711738554,False
hadamard_vec_2e22_f64,packed_exec,4,1.0271291969264165,0.04554163633363717,0.006638215669305003,False
hadamard_vec_2e24_c64,packed_exec,4,1.019723400494874,0.03956430436090774,0.0041855253048161956,False
hadamard_vec_2e24_f64,packed_exec,4,1.029376718835062,0.047532513161273826,0.011076411927420482,False
hadamard_mat_2048_bT_c64,plan_plan,4,0.983248396204069,0.0,0.03436426116838498,False
hadamard_mat_2048_bT_f64,plan_plan,4,0.9482979602351485,0.03690036900368998,0.0,False
hadamard_mat_2048_c64,plan_plan,4,0.9848857801796105,0.0,0.030927835051546282,False
hadamard_mat_2048_f64,plan_plan,4,1.0,0.034482758620689724,0.034482758620689724,False
hadamard_mat_256_c64,plan_plan,4,1.015346165133619,0.030927835051546282,0.0,False
hadamard_mat_256_f64,plan_plan,4,0.9155022282315359,0.03831417624521083,0.0034482758620688614,False
hadamard_rank12_3_c64,plan_plan,4,1.01270698998789,0.02493765586034913,0.051150895140664954,False
hadamard_rank12_3_f64,plan_plan,4,0.9883309890170945,0.024330900243308973,0.048661800486617945,False
hadamard_rank4_16_c64,plan_plan,4,0.9821559067074768,0.0033333333333334103,0.03322259136212624,False
hadamard_rank4_16_f64,plan_plan,4,1.0463797839218354,0.032258064516129004,0.0,False
hadamard_rank4_32_bT_c64,plan_plan,4,1.0466337380623125,0.05919003115264787,0.09966777408637872,False
hadamard_rank4_32_bT_f64,plan_plan,4,1.0176929422626368,0.06312292358803995,0.03333333333333344,False
hadamard_rank4_32_c64,plan_plan,4,0.9718471091272853,0.06644518272425248,0.06451612903225801,False
hadamard_rank4_32_f64,plan_plan,4,1.0294195072488557,0.032258064516129004,0.03322259136212624,False
hadamard_vec_2e10_c64,plan_plan,4,0.9980824526939039,0.0038461538461538325,0.0,False
hadamard_vec_2e10_f64,plan_plan,4,1.0013879257199867,0.0,0.002777777777777768,False
hadamard_vec_2e14_c64,plan_plan,4,0.9093749999999999,0.0,0.0,False
hadamard_vec_2e14_f64,plan_plan,4,1.025285825275173,0.02777777777777768,0.028490028490028463,False
hadamard_vec_2e18_c64,plan_plan,4,1.0857747098343276,0.03215434083601276,0.0,False
hadamard_vec_2e18_f64,plan_plan,4,0.998651381719488,0.024930747922437657,0.027700831024930705,False
hadamard_vec_2e22_c64,plan_plan,4,0.979425060785615,0.0,0.034482758620689724,False
hadamard_vec_2e22_f64,plan_plan,4,0.983192080250175,0.0038461538461538325,0.03846153846153855,False
hadamard_vec_2e24_c64,plan_plan,4,0.8969072164948454,0.0,0.0,True
hadamard_vec_2e24_f64,plan_plan,4,0.9806558130938648,0.03984063745019917,0.0,False
hadamard_mat_2048_bT_c64,packed_plan,4,0.8439375893675486,0.0006154341217223802,0.0715473398035702,True
hadamard_mat_2048_bT_f64,packed_plan,4,0.891231796181057,0.013150405592017966,0.00594206568354072,True
hadamard_mat_2048_c64,packed_plan,4,0.888146835665015,0.01916008469562347,0.006652714933317538,True
hadamard_mat_2048_f64,packed_plan,4,0.8635968972734627,0.00905042076263074,0.04609839425098272,True
hadamard_mat_256_c64,packed_plan,4,0.626671955356294,0.0023101699658929498,0.07297170942957498,True
hadamard_mat_256_f64,packed_plan,4,0.6514415104321227,0.020802756082021645,0.039186552557377796,True
hadamard_rank12_3_c64,packed_plan,4,0.6617974055720398,0.01488610723614614,0.0005433010556881168,True
hadamard_rank12_3_f64,packed_plan,4,0.8398406304117065,0.0013643653728285798,0.02431541280634808,True
hadamard_rank4_16_c64,packed_plan,4,0.628932719034657,0.010390294862262728,0.09056778978310476,True
hadamard_rank4_16_f64,packed_plan,4,0.633532753845201,0.007206792154798025,0.053433928701966504,True
hadamard_rank4_32_bT_c64,packed_plan,4,1.0337315533665643,0.17138298853540523,0.060466433880125736,False
hadamard_rank4_32_bT_f64,packed_plan,4,1.10568024666572,0.006178700406888726,0.014131555023445541,False
hadamard_rank4_32_c64,packed_plan,4,0.7856025384222989,0.003243007327644154,0.1170941800059162,True
hadamard_rank4_32_f64,packed_plan,4,0.8819075081156433,0.10877093566824403,0.03782940813925251,True
hadamard_vec_2e10_c64,packed_plan,4,0.801407025778603,0.010994380649890001,0.057162879167083736,True
hadamard_vec_2e10_f64,packed_plan,4,0.7924525089252128,0.001084860173577562,0.006609195402298873,True
hadamard_vec_2e14_c64,packed_plan,4,0.6761341317010151,0.14465855607850098,0.11919208710830365,True
hadamard_vec_2e14_f64,packed_plan,4,0.7752844307536934,0.0023081081409404014,0.06331514490117618,True
hadamard_vec_2e18_c64,packed_plan,4,0.6883872937700579,0.0484766383344819,0.059505552906119474,True
hadamard_vec_2e18_f64,packed_plan,4,0.8360285890763186,0.015529159178063079,0.07960784971644363,True
hadamard_vec_2e22_c64,packed_plan,4,0.8768585269957394,0.006013746583127588,0.011201513198471291,True
hadamard_vec_2e22_f64,packed_plan,4,0.8419176862393226,0.00381291872693712,0.09998032492380893,True
hadamard_vec_2e24_c64,packed_plan,4,0.8770819365697593,0.03299200205250141,0.008483088944220674,True
hadamard_vec_2e24_f64,packed_plan,4,0.8882469350131375,0.00613655032834215,0.014957158290549,True
