case,variant,threads,median_ns,samples
gemm_batched_000_f64,plan_plan,8,990,5
gemm_batched_000_f64,plan_exec,8,61638078,5
gemm_batched_000_f64,packed_plan,8,41781,5
gemm_batched_000_f64,packed_exec,8,69591314,5
gemm_batched_001_f64,plan_plan,8,88384696,5
gemm_batched_001_f64,plan_exec,8,74585983,5
gemm_batched_001_f64,packed_plan,8,88120136,5
gemm_batched_001_f64,packed_exec,8,74085004,5
gemm_batched_002_f64,plan_plan,8,979065,5
gemm_batched_002_f64,plan_exec,8,33561375,5
gemm_batched_002_f64,packed_plan,8,459447,5
gemm_batched_002_f64,packed_exec,8,33252184,5
gemm_batched_003_f64,plan_plan,8,2959625,5
gemm_batched_003_f64,plan_exec,8,26876525,5
gemm_batched_003_f64,packed_plan,8,1342477,5
gemm_batched_003_f64,packed_exec,8,26964899,5
gemm_batched_004_f64,plan_plan,8,1020,5
gemm_batched_004_f64,plan_exec,8,80928677,5
gemm_batched_004_f64,packed_plan,8,60672,5
gemm_batched_004_f64,packed_exec,8,97554527,5
gemm_batched_005_f64,plan_plan,8,960,5
gemm_batched_005_f64,plan_exec,8,81244982,5
gemm_batched_005_f64,packed_plan,8,75872,5
gemm_batched_005_f64,packed_exec,8,98372937,5
gemm_batched_006_f64,plan_plan,8,1040,5
gemm_batched_006_f64,plan_exec,8,75272634,5
gemm_batched_006_f64,packed_plan,8,59592,5
gemm_batched_006_f64,packed_exec,8,87258857,5
gemm_batched_007_f64,plan_plan,8,60162,5
gemm_batched_007_f64,plan_exec,8,18757840,5
gemm_batched_007_f64,packed_plan,8,72282,5
gemm_batched_007_f64,packed_exec,8,18069936,5
gemm_batched_008_f64,plan_plan,8,288730,5
gemm_batched_008_f64,plan_exec,8,41803199,5
gemm_batched_008_f64,packed_plan,8,355852,5
gemm_batched_008_f64,packed_exec,8,41819919,5
gemm_batched_009_c64,plan_plan,8,1111,5
gemm_batched_009_c64,plan_exec,8,5909157,5
gemm_batched_009_c64,packed_plan,8,17740,5
gemm_batched_009_c64,packed_exec,8,6859351,5
gemm_batched_010_f64,plan_plan,8,91883,5
gemm_batched_010_f64,plan_exec,8,10886601,5
gemm_batched_010_f64,packed_plan,8,107954,5
gemm_batched_010_f64,packed_exec,8,9917728,5
gemm_batched_011_f64,plan_plan,8,620542,5
gemm_batched_011_f64,plan_exec,8,16838299,5
gemm_batched_011_f64,packed_plan,8,264959,5
gemm_batched_011_f64,packed_exec,8,16874561,5
gemm_batched_012_f64,plan_plan,8,19641,5
gemm_batched_012_f64,plan_exec,8,19033835,5
gemm_batched_012_f64,packed_plan,8,18561,5
gemm_batched_012_f64,packed_exec,8,19145149,5
gemm_batched_013_f64,plan_plan,8,1161350,5
gemm_batched_013_f64,plan_exec,8,30872837,5
gemm_batched_013_f64,packed_plan,8,453906,5
gemm_batched_013_f64,packed_exec,8,30885698,5
gemm_batched_014_f64,plan_plan,8,1030,5
gemm_batched_014_f64,plan_exec,8,6969243,5
gemm_batched_014_f64,packed_plan,8,23141,5
gemm_batched_014_f64,packed_exec,8,7518252,5
gemm_batched_015_f64,plan_plan,8,42901,5
gemm_batched_015_f64,plan_exec,8,19639754,5
gemm_batched_015_f64,packed_plan,8,50552,5
gemm_batched_015_f64,packed_exec,8,19351574,5
gemm_batched_016_f64,plan_plan,8,619812,5
gemm_batched_016_f64,plan_exec,8,5431749,5
gemm_batched_016_f64,packed_plan,8,310791,5
gemm_batched_016_f64,packed_exec,8,5327045,5
gemm_batched_017_f64,plan_plan,8,23961,5
gemm_batched_017_f64,plan_exec,8,7573933,5
gemm_batched_017_f64,packed_plan,8,22661,5
gemm_batched_017_f64,packed_exec,8,7511131,5
gemm_batched_018_f64,plan_plan,8,3613046,5
gemm_batched_018_f64,plan_exec,8,14125511,5
gemm_batched_018_f64,packed_plan,8,1368248,5
gemm_batched_018_f64,packed_exec,8,13083254,5
gemm_batched_019_f64,plan_plan,8,3364186,5
gemm_batched_019_f64,plan_exec,8,4690703,5
gemm_batched_019_f64,packed_plan,8,1593045,5
gemm_batched_019_f64,packed_exec,8,4674301,5
gemm_batched_020_f64,plan_plan,8,47451,5
gemm_batched_020_f64,plan_exec,8,2430754,5
gemm_batched_020_f64,packed_plan,8,46161,5
gemm_batched_020_f64,packed_exec,8,2175495,5
gemm_batched_021_f64,plan_plan,8,28161,5
gemm_batched_021_f64,plan_exec,8,2272738,5
gemm_batched_021_f64,packed_plan,8,26151,5
gemm_batched_021_f64,packed_exec,8,1941327,5
gemm_batched_022_f64,plan_plan,8,7147537,5
gemm_batched_022_f64,plan_exec,8,6509766,5
gemm_batched_022_f64,packed_plan,8,3170659,5
gemm_batched_022_f64,packed_exec,8,6093591,5
gemm_batched_023_f64,plan_plan,8,294301,5
gemm_batched_023_f64,plan_exec,8,10530273,5
gemm_batched_023_f64,packed_plan,8,170225,5
gemm_batched_023_f64,packed_exec,8,10288285,5
gemm_batched_024_f64,plan_plan,8,910,5
gemm_batched_024_f64,plan_exec,8,7025563,5
gemm_batched_024_f64,packed_plan,8,36222,5
gemm_batched_024_f64,packed_exec,8,8073939,5
gemm_batched_025_f64,plan_plan,8,69632,5
gemm_batched_025_f64,plan_exec,8,6627178,5
gemm_batched_025_f64,packed_plan,8,80953,5
gemm_batched_025_f64,packed_exec,8,6768553,5
gemm_batched_026_f64,plan_plan,8,10916686,5
gemm_batched_026_f64,plan_exec,8,3224472,5
gemm_batched_026_f64,packed_plan,8,4243116,5
gemm_batched_026_f64,packed_exec,8,3267503,5
gemm_batched_027_f64,plan_plan,8,36731,5
gemm_batched_027_f64,plan_exec,8,7050973,5
gemm_batched_027_f64,packed_plan,8,42621,5
gemm_batched_027_f64,packed_exec,8,6816444,5
gemm_batched_028_f64,plan_plan,8,45102,5
gemm_batched_028_f64,plan_exec,8,4047809,5
gemm_batched_028_f64,packed_plan,8,43732,5
gemm_batched_028_f64,packed_exec,8,3998958,5
gemm_batched_029_f64,plan_plan,8,2224856,5
gemm_batched_029_f64,plan_exec,8,1938657,5
gemm_batched_029_f64,packed_plan,8,1011655,5
gemm_batched_029_f64,packed_exec,8,1591675,5
gemm_batched_030_f64,plan_plan,8,23091,5
gemm_batched_030_f64,plan_exec,8,2994357,5
gemm_batched_030_f64,packed_plan,8,21791,5
gemm_batched_030_f64,packed_exec,8,2941915,5
gemm_batched_031_f64,plan_plan,8,840,5
gemm_batched_031_f64,plan_exec,8,3391739,5
gemm_batched_031_f64,packed_plan,8,22381,5
gemm_batched_031_f64,packed_exec,8,5009912,5
gemm_batched_032_f64,plan_plan,8,7120,5
gemm_batched_032_f64,plan_exec,8,710443,5
gemm_batched_032_f64,packed_plan,8,6340,5
gemm_batched_032_f64,packed_exec,8,662701,5
gemm_batched_033_f64,plan_plan,8,890,5
gemm_batched_033_f64,plan_exec,8,340,5
gemm_batched_033_f64,packed_plan,8,2810,5
gemm_batched_033_f64,packed_exec,8,460,5
gemm_batched_034_f64,plan_plan,8,870,5
gemm_batched_034_f64,plan_exec,8,260,5
gemm_batched_034_f64,packed_plan,8,2720,5
gemm_batched_034_f64,packed_exec,8,470,5
gemm_batched_035_f64,plan_plan,8,1140,5
gemm_batched_035_f64,plan_exec,8,310,5
gemm_batched_035_f64,packed_plan,8,2781,5
gemm_batched_035_f64,packed_exec,8,460,5
gemm_batched_036_f64,plan_plan,8,920,5
gemm_batched_036_f64,plan_exec,8,237988,5
gemm_batched_036_f64,packed_plan,8,14401,5
gemm_batched_036_f64,packed_exec,8,458744,5
gemm_batched_037_f64,plan_plan,8,880,5
gemm_batched_037_f64,plan_exec,8,259578,5
gemm_batched_037_f64,packed_plan,8,16781,5
gemm_batched_037_f64,packed_exec,8,373122,5
gemm_batched_038_f64,plan_plan,8,1201,5
gemm_batched_038_f64,plan_exec,8,390,5
gemm_batched_038_f64,packed_plan,8,2760,5
gemm_batched_038_f64,packed_exec,8,460,5
gemm_batched_039_f64,plan_plan,8,790,5
gemm_batched_039_f64,plan_exec,8,3650,5
gemm_batched_039_f64,packed_plan,8,6020,5
gemm_batched_039_f64,packed_exec,8,5250,5
gemm_batched_040_f64,plan_plan,8,1250,5
gemm_batched_040_f64,plan_exec,8,250,5
gemm_batched_040_f64,packed_plan,8,2820,5
gemm_batched_040_f64,packed_exec,8,480,5
gemm_batched_041_f64,plan_plan,8,20690,5
gemm_batched_041_f64,plan_exec,8,187376,5
gemm_batched_041_f64,packed_plan,8,20061,5
gemm_batched_041_f64,packed_exec,8,175766,5
gemm_batched_042_f64,plan_plan,8,21521,5
gemm_batched_042_f64,plan_exec,8,284079,5
gemm_batched_042_f64,packed_plan,8,19910,5
gemm_batched_042_f64,packed_exec,8,203697,5
gemm_batched_043_f64,plan_plan,8,21321,5
gemm_batched_043_f64,plan_exec,8,276699,5
gemm_batched_043_f64,packed_plan,8,19890,5
gemm_batched_043_f64,packed_exec,8,240028,5
gemm_batched_044_f64,plan_plan,8,20700,5
gemm_batched_044_f64,plan_exec,8,204977,5
gemm_batched_044_f64,packed_plan,8,20261,5
gemm_batched_044_f64,packed_exec,8,194607,5
gemm_batched_045_f64,plan_plan,8,1230,5
gemm_batched_045_f64,plan_exec,8,930,5
gemm_batched_045_f64,packed_plan,8,3451,5
gemm_batched_045_f64,packed_exec,8,1860,5
gemm_batched_046_f64,plan_plan,8,1150,5
gemm_batched_046_f64,plan_exec,8,350,5
gemm_batched_046_f64,packed_plan,8,2720,5
gemm_batched_046_f64,packed_exec,8,470,5
gemm_batched_047_f64,plan_plan,8,1090,5
gemm_batched_047_f64,plan_exec,8,319191,5
gemm_batched_047_f64,packed_plan,8,12000,5
gemm_batched_047_f64,packed_exec,8,335951,5
gemm_batched_048_f64,plan_plan,8,1090,5
gemm_batched_048_f64,plan_exec,8,580,5
gemm_batched_048_f64,packed_plan,8,2960,5
gemm_batched_048_f64,packed_exec,8,1080,5
gemm_batched_049_f64,plan_plan,8,1020,5
gemm_batched_049_f64,plan_exec,8,440,5
gemm_batched_049_f64,packed_plan,8,2950,5
gemm_batched_049_f64,packed_exec,8,830,5
gemm_batched_050_f64,plan_plan,8,1210,5
gemm_batched_050_f64,plan_exec,8,3140,5
gemm_batched_050_f64,packed_plan,8,4940,5
gemm_batched_050_f64,packed_exec,8,4500,5
gemm_batched_051_f64,plan_plan,8,1531,5
gemm_batched_051_f64,plan_exec,8,40491,5
gemm_batched_051_f64,packed_plan,8,7180,5
gemm_batched_051_f64,packed_exec,8,81943,5
gemm_batched_052_f64,plan_plan,8,1030,5
gemm_batched_052_f64,plan_exec,8,380,5
gemm_batched_052_f64,packed_plan,8,2740,5
gemm_batched_052_f64,packed_exec,8,470,5
