case,group,dtype,engine,threads,m,n,k,macs,seconds,gflops,regular_a,regular_b,notes
ij-ik-kj,ccsd,f64,plan,8,384,364,384,53673984,0.000408542,262.7587,0.0000,0.0000,faer
ij-ik-kj,ccsd,f64,packed,8,384,364,384,53673984,0.000419944,255.6245,1.0000,1.0000,avx512.f64.real.24x8 24x8 AB 264x256x1536
ij-ik-kj,ccsd,f64,upstream,8,384,364,384,53673984,0.000540979,198.4328,1.0000,1.0000,
ij-ik-kj,ccsd,f64,tblis,8,384,364,384,53673984,0.000608956,176.2820,1.0000,1.0000,
ij-ik-kj,ccsd,c64,plan,8,384,364,384,53673984,0.001594965,269.2171,1.0000,1.0000,avx512.c64.planar.16x6 16x6 AB 128x256x768
ij-ik-kj,ccsd,c64,packed,8,384,364,384,53673984,0.001595296,269.1613,1.0000,1.0000,avx512.c64.planar.16x6 16x6 AB 128x256x768
ij-ik-kj,ccsd,c64,upstream,8,384,364,384,53673984,0.001800508,238.4837,1.0000,1.0000,
ij-ik-kj,ccsd,c64,tblis,8,384,364,384,53673984,0.001821107,235.7862,1.0000,1.0000,
ij-ikl-ljk,ccsd,f64,plan,8,72,52,3744,14017536,0.000303236,92.4530,1.0000,1.0000,avx512.f64.real.24x8 24x8 AB 264x256x1536
ij-ikl-ljk,ccsd,f64,packed,8,72,52,3744,14017536,0.000301302,93.0464,1.0000,1.0000,avx512.f64.real.24x8 24x8 AB 264x256x1536
ij-ikl-ljk,ccsd,f64,upstream,8,72,52,3744,14017536,0.000414563,67.6256,1.0000,1.0000,
ij-ikl-ljk,ccsd,f64,tblis,8,72,52,3744,14017536,0.000580322,48.3095,1.0000,1.0000,
ij-ikl-ljk,ccsd,c64,plan,8,72,52,3744,14017536,0.000968897,115.7402,1.0000,1.0000,avx512.c64.planar.16x6 16x6 AB 128x256x768
ij-ikl-ljk,ccsd,c64,packed,8,72,52,3744,14017536,0.000967575,115.8983,1.0000,1.0000,avx512.c64.planar.16x6 16x6 AB 128x256x768
ij-ikl-ljk,ccsd,c64,upstream,8,72,52,3744,14017536,0.001088760,102.9982,1.0000,1.0000,
ij-ikl-ljk,ccsd,c64,tblis,8,72,52,3744,14017536,0.000965701,116.1232,1.0000,1.0000,
ij-kil-lkj,ccsd,f64,plan,8,72,52,5184,19408896,0.000454227,85.4590,1.0000,1.0000,avx512.f64.real.24x8 24x8 AB 264x256x1536
ij-kil-lkj,ccsd,f64,packed,8,72,52,5184,19408896,0.000437215,88.7842,1.0000,1.0000,avx512.f64.real.24x8 24x8 AB 264x256x1536
ij-kil-lkj,ccsd,f64,upstream,8,72,52,5184,19408896,0.000563431,68.8954,1.0000,1.0000,
ij-kil-lkj,ccsd,f64,tblis,8,72,52,5184,19408896,0.000801274,48.4451,1.0000,1.0000,
ij-kil-lkj,ccsd,c64,plan,8,72,52,5184,19408896,0.001500028,103.5122,1.0000,1.0000,avx512.c64.planar.16x6 16x6 AB 128x256x768
ij-kil-lkj,ccsd,c64,packed,8,72,52,5184,19408896,0.001491122,104.1304,1.0000,1.0000,avx512.c64.planar.16x6 16x6 AB 128x256x768
ij-kil-lkj,ccsd,c64,upstream,8,72,52,5184,19408896,0.001700372,91.3160,1.0000,1.0000,
ij-kil-lkj,ccsd,c64,tblis,8,72,52,5184,19408896,0.001400322,110.8825,1.0000,1.0000,
ijk-ikl-lj,ccsd,f64,plan,8,3744,52,72,14017536,0.000138147,202.9365,1.0000,1.0000,avx512.f64.real.24x8 24x8 AB 264x256x1536
ijk-ikl-lj,ccsd,f64,packed,8,3744,52,72,14017536,0.000138539,202.3623,1.0000,1.0000,avx512.f64.real.24x8 24x8 AB 264x256x1536
ijk-ikl-lj,ccsd,f64,upstream,8,3744,52,72,14017536,0.000286655,97.8007,1.0000,1.0000,
ijk-ikl-lj,ccsd,f64,tblis,8,3744,52,72,14017536,0.000239357,117.1266,1.0000,1.0000,
ijk-ikl-lj,ccsd,c64,plan,8,3744,52,72,14017536,0.000477270,234.9619,1.0000,1.0000,avx512.c64.planar.16x6 16x6 AB 128x256x768
ijk-ikl-lj,ccsd,c64,packed,8,3744,52,72,14017536,0.000470607,238.2886,1.0000,1.0000,avx512.c64.planar.16x6 16x6 AB 128x256x768
ijk-ikl-lj,ccsd,c64,upstream,8,3744,52,72,14017536,0.000594288,188.6969,1.0000,1.0000,
ijk-ikl-lj,ccsd,c64,tblis,8,3744,52,72,14017536,0.000612201,183.1756,1.0000,1.0000,
ijk-il-jlk,ccsd,f64,plan,8,72,3744,52,14017536,0.000130774,214.3780,1.0000,1.0000,avx512.f64.real.24x8 24x8 AB 264x256x1536
ijk-il-jlk,ccsd,f64,packed,8,72,3744,52,14017536,0.000128500,218.1718,1.0000,1.0000,avx512.f64.real.24x8 24x8 AB 264x256x1536
ijk-il-jlk,ccsd,f64,upstream,8,72,3744,52,14017536,0.000235178,119.2079,1.0000,1.0000,
ijk-il-jlk,ccsd,f64,tblis,8,72,3744,52,14017536,0.000209311,133.9398,1.0000,1.0000,
ijk-il-jlk,ccsd,c64,plan,8,72,3744,52,14017536,0.000504330,222.3550,1.0000,1.0000,avx512.c64.planar.16x6 16x6 AB 128x256x768
ijk-il-jlk,ccsd,c64,packed,8,72,3744,52,14017536,0.000495805,226.1782,1.0000,1.0000,avx512.c64.planar.16x6 16x6 AB 128x256x768
ijk-il-jlk,ccsd,c64,upstream,8,72,3744,52,14017536,0.000613735,182.7178,1.0000,1.0000,
ijk-il-jlk,ccsd,c64,tblis,8,72,3744,52,14017536,0.000675110,166.1067,1.0000,1.0000,
ijk-ilk-jl,ccsd,f64,plan,8,3744,72,52,14017536,0.000390218,71.8446,1.0000,1.0000,avx512.f64.real.24x8 24x8 AB 264x256x1536
ijk-ilk-jl,ccsd,f64,packed,8,3744,72,52,14017536,0.000251138,111.6321,1.0000,1.0000,avx512.f64.real.24x8 24x8 AB 264x256x1536
ijk-ilk-jl,ccsd,f64,upstream,8,3744,72,52,14017536,0.000345674,81.1026,1.0000,1.0000,
ijk-ilk-jl,ccsd,f64,tblis,8,3744,72,52,14017536,0.000215432,130.1342,1.0000,1.0000,
ijk-ilk-jl,ccsd,c64,plan,8,3744,72,52,14017536,0.000690057,162.5087,0.8889,1.0000,avx512.c64.planar.16x6 16x6 AB 128x256x768
ijk-ilk-jl,ccsd,c64,packed,8,3744,72,52,14017536,0.000689005,162.7569,0.8889,1.0000,avx512.c64.planar.16x6 16x6 AB 128x256x768
ijk-ilk-jl,ccsd,c64,upstream,8,3744,72,52,14017536,0.000828034,135.4296,0.8889,1.0000,
ijk-ilk-jl,ccsd,c64,tblis,8,3744,72,52,14017536,0.000557119,201.2861,0.8889,1.0000,
ijk-ilk-lj,ccsd,f64,plan,8,3744,52,72,14017536,0.000142015,197.4092,1.0000,1.0000,avx512.f64.real.24x8 24x8 AB 264x256x1536
ijk-ilk-lj,ccsd,f64,packed,8,3744,52,72,14017536,0.000139320,201.2279,1.0000,1.0000,avx512.f64.real.24x8 24x8 AB 264x256x1536
ijk-ilk-lj,ccsd,f64,upstream,8,3744,52,72,14017536,0.000267349,104.8632,1.0000,1.0000,
ijk-ilk-lj,ccsd,f64,tblis,8,3744,52,72,14017536,0.000234848,119.3754,1.0000,1.0000,
ijk-ilk-lj,ccsd,c64,plan,8,3744,52,72,14017536,0.000469966,238.6136,0.8889,1.0000,avx512.c64.planar.16x6 16x6 AB 128x256x768
ijk-ilk-lj,ccsd,c64,packed,8,3744,52,72,14017536,0.000516072,217.2958,0.8889,1.0000,avx512.c64.planar.16x6 16x6 AB 128x256x768
ijk-ilk-lj,ccsd,c64,upstream,8,3744,52,72,14017536,0.000581154,192.9614,0.8889,1.0000,
ijk-ilk-lj,ccsd,c64,tblis,8,3744,52,72,14017536,0.000593788,188.8558,0.8889,1.0000,
ijk-ilmk-mjl,ccsd,f64,plan,8,480,20,480,4608000,0.000078847,116.8846,1.0000,1.0000,avx512.f64.real.24x8 24x8 AB 264x256x1536
ijk-ilmk-mjl,ccsd,f64,packed,8,480,20,480,4608000,0.000080259,114.8282,1.0000,1.0000,avx512.f64.real.24x8 24x8 AB 264x256x1536
ijk-ilmk-mjl,ccsd,f64,upstream,8,480,20,480,4608000,0.000213047,43.2581,1.0000,1.0000,
ijk-ilmk-mjl,ccsd,f64,tblis,8,480,20,480,4608000,0.000159277,57.8615,1.0000,1.0000,
ijk-ilmk-mjl,ccsd,c64,plan,8,480,20,480,4608000,0.000215212,171.2916,0.6667,1.0000,avx512.c64.planar.16x6 16x6 AB 128x256x768
ijk-ilmk-mjl,ccsd,c64,packed,8,480,20,480,4608000,0.000213158,172.9421,0.6667,1.0000,avx512.c64.planar.16x6 16x6 AB 128x256x768
ijk-ilmk-mjl,ccsd,c64,upstream,8,480,20,480,4608000,0.000336748,109.4706,0.6667,1.0000,
ijk-ilmk-mjl,ccsd,c64,tblis,8,480,20,480,4608000,0.000261728,140.8485,0.6667,1.0000,
ijkl-imjn-lnkm,ccsd,f64,plan,8,480,480,400,92160000,0.000858752,214.6371,1.0000,0.8000,avx512.f64.real.24x8 24x8 AB 264x256x1536
ijkl-imjn-lnkm,ccsd,f64,packed,8,480,480,400,92160000,0.000872517,211.2509,1.0000,0.8000,avx512.f64.real.24x8 24x8 AB 264x256x1536
ijkl-imjn-lnkm,ccsd,f64,upstream,8,480,480,400,92160000,0.000990588,186.0713,1.0000,0.8000,
ijkl-imjn-lnkm,ccsd,f64,tblis,8,480,480,400,92160000,0.000987772,186.6018,1.0000,0.8000,
ijkl-imjn-lnkm,ccsd,c64,plan,8,480,480,400,92160000,0.003011217,244.8445,0.6667,0.8000,avx512.c64.planar.16x6 16x6 AB 128x256x768
ijkl-imjn-lnkm,ccsd,c64,packed,8,480,480,400,92160000,0.003025654,243.6762,0.6667,0.8000,avx512.c64.planar.16x6 16x6 AB 128x256x768
ijkl-imjn-lnkm,ccsd,c64,upstream,8,480,480,400,92160000,0.003233070,228.0433,0.6667,0.8000,
ijkl-imjn-lnkm,ccsd,c64,tblis,8,480,480,400,92160000,0.002916079,252.8327,0.6667,0.8000,
ijkl-imjn-nlmk,ccsd,f64,plan,8,480,400,480,92160000,0.000680179,270.9875,1.0000,0.8000,avx512.f64.real.24x8 24x8 AB 264x256x1536
ijkl-imjn-nlmk,ccsd,f64,packed,8,480,400,480,92160000,0.000674518,273.2618,1.0000,0.8000,avx512.f64.real.24x8 24x8 AB 264x256x1536
ijkl-imjn-nlmk,ccsd,f64,upstream,8,480,400,480,92160000,0.000790544,233.1559,1.0000,0.8000,
ijkl-imjn-nlmk,ccsd,f64,tblis,8,480,400,480,92160000,0.000750289,245.6653,1.0000,0.8000,
ijkl-imjn-nlmk,ccsd,c64,plan,8,480,400,480,92160000,0.002231953,330.3295,0.6667,0.8060,avx512.c64.planar.16x6 16x6 AB 128x256x768
ijkl-imjn-nlmk,ccsd,c64,packed,8,480,400,480,92160000,0.002195245,335.8532,0.6667,0.8060,avx512.c64.planar.16x6 16x6 AB 128x256x768
ijkl-imjn-nlmk,ccsd,c64,upstream,8,480,400,480,92160000,0.002379298,309.8729,0.6667,0.8060,
ijkl-imjn-nlmk,ccsd,c64,tblis,8,480,400,480,92160000,0.002452975,300.5656,0.6667,0.8060,
ijkl-imkn-jnlm,ccsd,f64,plan,8,480,480,400,92160000,0.000600219,307.0879,1.0000,1.0000,avx512.f64.real.24x8 24x8 AB 264x256x1536
ijkl-imkn-jnlm,ccsd,f64,packed,8,480,480,400,92160000,0.000598486,307.9771,1.0000,1.0000,avx512.f64.real.24x8 24x8 AB 264x256x1536
ijkl-imkn-jnlm,ccsd,f64,upstream,8,480,480,400,92160000,0.000695297,265.0953,1.0000,1.0000,
ijkl-imkn-jnlm,ccsd,f64,tblis,8,480,480,400,92160000,0.000691670,266.4855,1.0000,1.0000,
ijkl-imkn-jnlm,ccsd,c64,plan,8,480,480,400,92160000,0.002163666,340.7550,0.6667,1.0000,avx512.c64.planar.16x6 16x6 AB 128x256x768
ijkl-imkn-jnlm,ccsd,c64,packed,8,480,480,400,92160000,0.002172081,339.4349,0.6667,1.0000,avx512.c64.planar.16x6 16x6 AB 128x256x768
ijkl-imkn-jnlm,ccsd,c64,upstream,8,480,480,400,92160000,0.002360593,312.3283,0.6667,1.0000,
ijkl-imkn-jnlm,ccsd,c64,tblis,8,480,480,400,92160000,0.002493060,295.7330,0.6667,1.0000,
ijkl-imkn-njml,ccsd,f64,plan,8,480,400,480,92160000,0.000603045,305.6488,1.0000,0.8000,avx512.f64.real.24x8 24x8 AB 264x256x1536
ijkl-imkn-njml,ccsd,f64,packed,8,480,400,480,92160000,0.000589960,312.4280,1.0000,0.8000,avx512.f64.real.24x8 24x8 AB 264x256x1536
ijkl-imkn-njml,ccsd,f64,upstream,8,480,400,480,92160000,0.000692041,266.3426,1.0000,0.8000,
ijkl-imkn-njml,ccsd,f64,tblis,8,480,400,480,92160000,0.000703332,262.0668,1.0000,0.8000,
ijkl-imkn-njml,ccsd,c64,plan,8,480,400,480,92160000,0.002241631,328.9034,0.6667,0.8060,avx512.c64.planar.16x6 16x6 AB 128x256x768
ijkl-imkn-njml,ccsd,c64,packed,8,480,400,480,92160000,0.002157905,341.6647,0.6667,0.8060,avx512.c64.planar.16x6 16x6 AB 128x256x768
ijkl-imkn-njml,ccsd,c64,upstream,8,480,400,480,92160000,0.002313024,318.7516,0.6667,0.8060,
ijkl-imkn-njml,ccsd,c64,tblis,8,480,400,480,92160000,0.002380250,309.7490,0.6667,0.8060,
ijkl-imln-jnkm,ccsd,f64,plan,8,480,480,400,92160000,0.000597254,308.6124,1.0000,1.0000,avx512.f64.real.24x8 24x8 AB 264x256x1536
ijkl-imln-jnkm,ccsd,f64,packed,8,480,480,400,92160000,0.000593607,310.5085,1.0000,1.0000,avx512.f64.real.24x8 24x8 AB 264x256x1536
ijkl-imln-jnkm,ccsd,f64,upstream,8,480,480,400,92160000,0.000694355,265.4550,1.0000,1.0000,
ijkl-imln-jnkm,ccsd,f64,tblis,8,480,480,400,92160000,0.000690097,267.0929,1.0000,1.0000,
ijkl-imln-jnkm,ccsd,c64,plan,8,480,480,400,92160000,0.002172953,339.2986,0.6667,1.0000,avx512.c64.planar.16x6 16x6 AB 128x256x768
ijkl-imln-jnkm,ccsd,c64,packed,8,480,480,400,92160000,0.002157654,341.7045,0.6667,1.0000,avx512.c64.planar.16x6 16x6 AB 128x256x768
ijkl-imln-jnkm,ccsd,c64,upstream,8,480,480,400,92160000,0.002367325,311.4401,0.6667,1.0000,
ijkl-imln-jnkm,ccsd,c64,tblis,8,480,480,400,92160000,0.002494443,295.5690,0.6667,1.0000,
ijkl-imln-njmk,ccsd,f64,plan,8,480,400,480,92160000,0.000598446,307.9977,1.0000,0.8000,avx512.f64.real.24x8 24x8 AB 264x256x1536
ijkl-imln-njmk,ccsd,f64,packed,8,480,400,480,92160000,0.000613374,300.5018,1.0000,0.8000,avx512.f64.real.24x8 24x8 AB 264x256x1536
ijkl-imln-njmk,ccsd,f64,upstream,8,480,400,480,92160000,0.000692361,266.2195,1.0000,0.8000,
ijkl-imln-njmk,ccsd,f64,tblis,8,480,400,480,92160000,0.000697571,264.2312,1.0000,0.8000,
ijkl-imln-njmk,ccsd,c64,plan,8,480,400,480,92160000,0.002163505,340.7804,0.6667,0.8060,avx512.c64.planar.16x6 16x6 AB 128x256x768
ijkl-imln-njmk,ccsd,c64,packed,8,480,400,480,92160000,0.002518147,292.7867,0.6667,0.8060,avx512.c64.planar.16x6 16x6 AB 128x256x768
ijkl-imln-njmk,ccsd,c64,upstream,8,480,400,480,92160000,0.002311191,319.0044,0.6667,0.8060,
ijkl-imln-njmk,ccsd,c64,tblis,8,480,400,480,92160000,0.002360182,312.3827,0.6667,0.8060,
ijkl-imnj-nlkm,ccsd,f64,plan,8,480,400,480,92160000,0.000597715,308.3744,1.0000,0.8000,avx512.f64.real.24x8 24x8 AB 264x256x1536
ijkl-imnj-nlkm,ccsd,f64,packed,8,480,400,480,92160000,0.000592325,311.1805,1.0000,0.8000,avx512.f64.real.24x8 24x8 AB 264x256x1536
ijkl-imnj-nlkm,ccsd,f64,upstream,8,480,400,480,92160000,0.000688354,267.7692,1.0000,0.8000,
ijkl-imnj-nlkm,ccsd,f64,tblis,8,480,400,480,92160000,0.000702029,262.5533,1.0000,0.8000,
ijkl-imnj-nlkm,ccsd,c64,plan,8,480,400,480,92160000,0.002186899,337.1349,0.6667,0.8060,avx512.c64.planar.16x6 16x6 AB 128x256x768
ijkl-imnj-nlkm,ccsd,c64,packed,8,480,400,480,92160000,0.002154338,342.2304,0.6667,0.8060,avx512.c64.planar.16x6 16x6 AB 128x256x768
ijkl-imnj-nlkm,ccsd,c64,upstream,8,480,400,480,92160000,0.002353230,313.3055,0.6667,0.8060,
ijkl-imnj-nlkm,ccsd,c64,tblis,8,480,400,480,92160000,0.002355824,312.9606,0.6667,0.8060,
ijkl-imnk-njml,ccsd,f64,plan,8,480,400,480,92160000,0.000614416,299.9922,1.0000,0.8000,avx512.f64.real.24x8 24x8 AB 264x256x1536
ijkl-imnk-njml,ccsd,f64,packed,8,480,400,480,92160000,0.000603837,305.2479,1.0000,0.8000,avx512.f64.real.24x8 24x8 AB 264x256x1536
ijkl-imnk-njml,ccsd,f64,upstream,8,480,400,480,92160000,0.000697070,264.4211,1.0000,0.8000,
ijkl-imnk-njml,ccsd,f64,tblis,8,480,400,480,92160000,0.000696860,264.5008,1.0000,0.8000,
ijkl-imnk-njml,ccsd,c64,plan,8,480,400,480,92160000,0.002146654,343.4554,0.6667,0.8060,avx512.c64.planar.16x6 16x6 AB 128x256x768
ijkl-imnk-njml,ccsd,c64,packed,8,480,400,480,92160000,0.002149579,342.9881,0.6667,0.8060,avx512.c64.planar.16x6 16x6 AB 128x256x768
ijkl-imnk-njml,ccsd,c64,upstream,8,480,400,480,92160000,0.002318083,318.0559,0.6667,0.8060,
ijkl-imnk-njml,ccsd,c64,tblis,8,480,400,480,92160000,0.002330718,316.3317,0.6667,0.8060,
ijkl-minj-nlmk,ccsd,f64,plan,8,480,400,576,110592000,0.000732215,302.0752,1.0000,0.8000,avx512.f64.real.24x8 24x8 AB 264x256x1536
ijkl-minj-nlmk,ccsd,f64,packed,8,480,400,576,110592000,0.000731385,302.4180,1.0000,0.8000,avx512.f64.real.24x8 24x8 AB 264x256x1536
ijkl-minj-nlmk,ccsd,f64,upstream,8,480,400,576,110592000,0.000836491,264.4189,1.0000,0.8000,
ijkl-minj-nlmk,ccsd,f64,tblis,8,480,400,576,110592000,0.000851999,259.6059,1.0000,0.8000,
ijkl-minj-nlmk,ccsd,c64,plan,8,480,400,576,110592000,0.002646046,334.3615,0.6667,0.8060,avx512.c64.planar.16x6 16x6 AB 128x256x768
ijkl-minj-nlmk,ccsd,c64,packed,8,480,400,576,110592000,0.002689105,329.0076,0.6667,0.8060,avx512.c64.planar.16x6 16x6 AB 128x256x768
ijkl-minj-nlmk,ccsd,c64,upstream,8,480,400,576,110592000,0.002906020,304.4494,0.6667,0.8060,
ijkl-minj-nlmk,ccsd,c64,tblis,8,480,400,576,110592000,0.002941697,300.7570,0.6667,0.8060,
ijkl-mink-jnlm,ccsd,f64,plan,8,480,480,480,110592000,0.000735923,300.5532,1.0000,1.0000,avx512.f64.real.24x8 24x8 AB 264x256x1536
ijkl-mink-jnlm,ccsd,f64,packed,8,480,480,480,110592000,0.000719482,307.4212,1.0000,1.0000,avx512.f64.real.24x8 24x8 AB 264x256x1536
ijkl-mink-jnlm,ccsd,f64,upstream,8,480,480,480,110592000,0.000821713,269.1743,1.0000,1.0000,
ijkl-mink-jnlm,ccsd,f64,tblis,8,480,480,480,110592000,0.000865935,255.4279,1.0000,1.0000,
ijkl-mink-jnlm,ccsd,c64,plan,8,480,480,480,110592000,0.002584981,342.2602,0.6667,1.0000,avx512.c64.planar.16x6 16x6 AB 128x256x768
ijkl-mink-jnlm,ccsd,c64,packed,8,480,480,480,110592000,0.002593667,341.1140,0.6667,1.0000,avx512.c64.planar.16x6 16x6 AB 128x256x768
ijkl-mink-jnlm,ccsd,c64,upstream,8,480,480,480,110592000,0.002769065,319.5071,0.6667,1.0000,
ijkl-mink-jnlm,ccsd,c64,tblis,8,480,480,480,110592000,0.002908444,304.1956,0.6667,1.0000,
ijkl-minl-njmk,ccsd,f64,plan,8,480,400,576,110592000,0.000722317,306.2146,1.0000,0.8000,avx512.f64.real.24x8 24x8 AB 264x256x1536
ijkl-minl-njmk,ccsd,f64,packed,8,480,400,576,110592000,0.000736002,300.5209,1.0000,0.8000,avx512.f64.real.24x8 24x8 AB 264x256x1536
ijkl-minl-njmk,ccsd,f64,upstream,8,480,400,576,110592000,0.000831040,266.1533,1.0000,0.8000,
ijkl-minl-njmk,ccsd,f64,tblis,8,480,400,576,110592000,0.000862699,256.3861,1.0000,0.8000,
ijkl-minl-njmk,ccsd,c64,plan,8,480,400,576,110592000,0.002637830,335.4030,0.6667,0.8060,avx512.c64.planar.16x6 16x6 AB 128x256x768
ijkl-minl-njmk,ccsd,c64,packed,8,480,400,576,110592000,0.002659150,332.7138,0.6667,0.8060,avx512.c64.planar.16x6 16x6 AB 128x256x768
ijkl-minl-njmk,ccsd,c64,upstream,8,480,400,576,110592000,0.002876324,307.5926,0.6667,0.8060,
ijkl-minl-njmk,ccsd,c64,tblis,8,480,400,576,110592000,0.002884490,306.7218,0.6667,0.8060,
aqrs-pa-pqrs,ao2mo,f64,plan,8,24,8000,24,4608000,0.000055694,165.4756,0.0000,0.0000,faer
aqrs-pa-pqrs,ao2mo,f64,packed,8,24,8000,24,4608000,0.000095468,96.5350,1.0000,1.0000,avx512.f64.real.24x8 24x8 AB 264x256x1536
aqrs-pa-pqrs,ao2mo,f64,upstream,8,24,8000,24,4608000,0.000121677,75.7415,1.0000,1.0000,
aqrs-pa-pqrs,ao2mo,f64,tblis,8,24,8000,24,4608000,0.000150330,61.3051,1.0000,1.0000,
aqrs-pa-pqrs,ao2mo,c64,plan,8,24,8000,24,4608000,0.000219409,168.0150,1.0000,1.0000,avx512.c64.planar.16x6 16x6 AB 128x256x768
aqrs-pa-pqrs,ao2mo,c64,packed,8,24,8000,24,4608000,0.000207818,177.3860,1.0000,1.0000,avx512.c64.planar.16x6 16x6 AB 128x256x768
aqrs-pa-pqrs,ao2mo,c64,upstream,8,24,8000,24,4608000,0.000297465,123.9272,1.0000,1.0000,
aqrs-pa-pqrs,ao2mo,c64,tblis,8,24,8000,24,4608000,0.000243594,151.3338,1.0000,1.0000,
abrs-qb-aqrs,ao2mo,f64,plan,8,20,9600,24,4608000,0.000055183,167.0080,1.0000,1.0000,avx512.f64.real.24x8 24x8 BA 264x256x1536
abrs-qb-aqrs,ao2mo,f64,packed,8,20,9600,24,4608000,0.000054191,170.0651,1.0000,1.0000,avx512.f64.real.24x8 24x8 BA 264x256x1536
abrs-qb-aqrs,ao2mo,f64,upstream,8,20,9600,24,4608000,0.000169717,54.3022,1.0000,1.0000,
abrs-qb-aqrs,ao2mo,f64,tblis,8,20,9600,24,4608000,0.000158235,58.2425,1.0000,1.0000,
abrs-qb-aqrs,ao2mo,c64,plan,8,20,9600,24,4608000,0.000137597,267.9128,1.0000,1.0000,avx512.c64.planar.24x3 24x3 BA 144x256x768
abrs-qb-aqrs,ao2mo,c64,packed,8,20,9600,24,4608000,0.000132958,277.2605,1.0000,1.0000,avx512.c64.planar.24x3 24x3 BA 144x256x768
abrs-qb-aqrs,ao2mo,c64,upstream,8,20,9600,24,4608000,0.000283579,129.9955,1.0000,1.0000,
abrs-qb-aqrs,ao2mo,c64,tblis,8,20,9600,24,4608000,0.000345495,106.6991,1.0000,1.0000,
abcs-rc-abrs,ao2mo,f64,plan,8,20,9600,24,4608000,0.000059380,155.2038,1.0000,1.0000,avx512.f64.real.24x8 24x8 BA 264x256x1536
abcs-rc-abrs,ao2mo,f64,packed,8,20,9600,24,4608000,0.000055985,164.6155,1.0000,1.0000,avx512.f64.real.24x8 24x8 BA 264x256x1536
abcs-rc-abrs,ao2mo,f64,upstream,8,20,9600,24,4608000,0.000180196,51.1443,1.0000,1.0000,
abcs-rc-abrs,ao2mo,f64,tblis,8,20,9600,24,4608000,0.000158676,58.0806,1.0000,1.0000,
abcs-rc-abrs,ao2mo,c64,plan,8,20,9600,24,4608000,0.000152514,241.7090,1.0000,1.0000,avx512.c64.planar.16x6 16x6 BA 128x256x768
abcs-rc-abrs,ao2mo,c64,packed,8,20,9600,24,4608000,0.000150961,244.1955,1.0000,1.0000,avx512.c64.planar.16x6 16x6 BA 128x256x768
abcs-rc-abrs,ao2mo,c64,upstream,8,20,9600,24,4608000,0.000281815,130.8092,1.0000,1.0000,
abcs-rc-abrs,ao2mo,c64,tblis,8,20,9600,24,4608000,0.000259384,142.1213,1.0000,1.0000,
abj-bka-kj,intensli,f64,plan,8,5184,52,72,19408896,0.000159427,243.4832,1.0000,1.0000,avx512.f64.real.24x8 24x8 AB 264x256x1536
abj-bka-kj,intensli,f64,packed,8,5184,52,72,19408896,0.000160610,241.6898,1.0000,1.0000,avx512.f64.real.24x8 24x8 AB 264x256x1536
abj-bka-kj,intensli,f64,upstream,8,5184,52,72,19408896,0.000258262,150.3039,1.0000,1.0000,
abj-bka-kj,intensli,f64,tblis,8,5184,52,72,19408896,0.000256829,151.1426,1.0000,1.0000,
abj-bka-kj,intensli,c64,plan,8,5184,52,72,19408896,0.000510592,304.1003,0.8889,1.0000,avx512.c64.planar.16x6 16x6 AB 128x256x768
abj-bka-kj,intensli,c64,packed,8,5184,52,72,19408896,0.000518797,299.2908,0.8889,1.0000,avx512.c64.planar.16x6 16x6 AB 128x256x768
abj-bka-kj,intensli,c64,upstream,8,5184,52,72,19408896,0.000650854,238.5653,0.8889,1.0000,
abj-bka-kj,intensli,c64,tblis,8,5184,52,72,19408896,0.000828325,187.4520,0.8889,1.0000,
ajb-kba-jk,intensli,f64,plan,8,3744,72,72,19408896,0.000126986,305.6856,1.0000,1.0000,avx512.f64.real.24x8 24x8 AB 264x256x1536
ajb-kba-jk,intensli,f64,packed,8,3744,72,72,19408896,0.000126957,305.7554,1.0000,1.0000,avx512.f64.real.24x8 24x8 AB 264x256x1536
ajb-kba-jk,intensli,f64,upstream,8,3744,72,72,19408896,0.000227575,170.5714,1.0000,1.0000,
ajb-kba-jk,intensli,f64,tblis,8,3744,72,72,19408896,0.000197569,196.4771,1.0000,1.0000,
ajb-kba-jk,intensli,c64,plan,8,3744,72,72,19408896,0.000464987,333.9258,0.8889,1.0000,avx512.c64.planar.16x6 16x6 AB 128x256x768
ajb-kba-jk,intensli,c64,packed,8,3744,72,72,19408896,0.000442345,351.0183,0.8889,1.0000,avx512.c64.planar.16x6 16x6 AB 128x256x768
ajb-kba-jk,intensli,c64,upstream,8,3744,72,72,19408896,0.000555786,279.3722,0.8889,1.0000,
ajb-kba-jk,intensli,c64,tblis,8,3744,72,72,19408896,0.000586134,264.9073,0.8889,1.0000,
abjc-cbka-kj,intensli,f64,plan,8,11520,20,24,5529600,0.000153958,71.8326,1.0000,1.0000,avx512.f64.real.24x8 24x8 AB 264x256x1536
abjc-cbka-kj,intensli,f64,packed,8,11520,20,24,5529600,0.000156081,70.8555,1.0000,1.0000,avx512.f64.real.24x8 24x8 AB 264x256x1536
abjc-cbka-kj,intensli,f64,upstream,8,11520,20,24,5529600,0.000278158,39.7587,1.0000,1.0000,
abjc-cbka-kj,intensli,f64,tblis,8,11520,20,24,5529600,0.000191778,57.6667,1.0000,1.0000,
abjc-cbka-kj,intensli,c64,plan,8,11520,20,24,5529600,0.000256768,172.2832,0.6667,1.0000,avx512.c64.planar.16x6 16x6 AB 128x256x768
abjc-cbka-kj,intensli,c64,packed,8,11520,20,24,5529600,0.000256057,172.7615,0.6667,1.0000,avx512.c64.planar.16x6 16x6 AB 128x256x768
abjc-cbka-kj,intensli,c64,upstream,8,11520,20,24,5529600,0.000391390,113.0249,0.6667,1.0000,
abjc-cbka-kj,intensli,c64,tblis,8,11520,20,24,5529600,0.000353389,125.1788,0.6667,1.0000,
ajbc-ckba-jk,intensli,f64,plan,8,11520,24,20,5529600,0.000089126,124.0850,1.0000,1.0000,avx512.f64.real.24x8 24x8 AB 264x256x1536
ajbc-ckba-jk,intensli,f64,packed,8,11520,24,20,5529600,0.000085068,130.0042,1.0000,1.0000,avx512.f64.real.24x8 24x8 AB 264x256x1536
ajbc-ckba-jk,intensli,f64,upstream,8,11520,24,20,5529600,0.000191818,57.6547,1.0000,1.0000,
ajbc-ckba-jk,intensli,f64,tblis,8,11520,24,20,5529600,0.000175507,63.0129,1.0000,1.0000,
ajbc-ckba-jk,intensli,c64,plan,8,11520,24,20,5529600,0.001119128,39.5279,1.0000,1.0000,avx512.c64.planar.24x3 24x3 AB 144x256x768
ajbc-ckba-jk,intensli,c64,packed,8,11520,24,20,5529600,0.001195079,37.0158,1.0000,1.0000,avx512.c64.planar.24x3 24x3 AB 144x256x768
ajbc-ckba-jk,intensli,c64,upstream,8,11520,24,20,5529600,0.001385354,31.9318,1.0000,1.0000,
ajbc-ckba-jk,intensli,c64,tblis,8,11520,24,20,5529600,0.000335065,132.0245,1.0000,1.0000,
abjc-kbac-jk,intensli,f64,plan,8,9600,24,24,5529600,0.000062667,176.4757,1.0000,1.0000,avx512.f64.real.24x8 24x8 AB 264x256x1536
abjc-kbac-jk,intensli,f64,packed,8,9600,24,24,5529600,0.000059361,186.3041,1.0000,1.0000,avx512.f64.real.24x8 24x8 AB 264x256x1536
abjc-kbac-jk,intensli,f64,upstream,8,9600,24,24,5529600,0.000171270,64.5717,1.0000,1.0000,
abjc-kbac-jk,intensli,f64,tblis,8,9600,24,24,5529600,0.000163275,67.7336,1.0000,1.0000,
abjc-kbac-jk,intensli,c64,plan,8,9600,24,24,5529600,0.000162022,273.0296,0.6667,1.0000,avx512.c64.planar.16x6 16x6 AB 128x256x768
abjc-kbac-jk,intensli,c64,packed,8,9600,24,24,5529600,0.000156452,282.7500,0.6667,1.0000,avx512.c64.planar.16x6 16x6 AB 128x256x768
abjc-kbac-jk,intensli,c64,upstream,8,9600,24,24,5529600,0.000269954,163.8679,0.6667,1.0000,
abjc-kbac-jk,intensli,c64,tblis,8,9600,24,24,5529600,0.000282346,156.6759,0.6667,1.0000,
abjcd-dkbac-jk,intensli,f64,plan,8,82944,24,12,23887872,0.001075937,44.4038,1.0000,1.0000,avx512.f64.real.24x8 24x8 AB 264x256x1536
abjcd-dkbac-jk,intensli,f64,packed,8,82944,24,12,23887872,0.000948389,50.3757,1.0000,1.0000,avx512.f64.real.24x8 24x8 AB 264x256x1536
abjcd-dkbac-jk,intensli,f64,upstream,8,82944,24,12,23887872,0.001134676,42.1052,1.0000,1.0000,
abjcd-dkbac-jk,intensli,f64,tblis,8,82944,24,12,23887872,0.001523812,31.3528,1.0000,1.0000,
abjcd-dkbac-jk,intensli,c64,plan,8,82944,24,12,23887872,0.002267650,84.2736,0.6667,1.0000,avx512.c64.planar.16x6 16x6 AB 128x256x768
abjcd-dkbac-jk,intensli,c64,packed,8,82944,24,12,23887872,0.002305370,82.8947,0.6667,1.0000,avx512.c64.planar.16x6 16x6 AB 128x256x768
abjcd-dkbac-jk,intensli,c64,upstream,8,82944,24,12,23887872,0.002429561,78.6574,0.6667,1.0000,
abjcd-dkbac-jk,intensli,c64,tblis,8,82944,24,12,23887872,0.002964278,64.4686,0.6667,1.0000,
adbjc-cbdka-kj,intensli,f64,plan,8,82944,12,24,23887872,0.003103098,15.3961,1.0000,1.0000,avx512.f64.real.24x8 24x8 AB 264x256x1536
adbjc-cbdka-kj,intensli,f64,packed,8,82944,12,24,23887872,0.002959330,16.1441,1.0000,1.0000,avx512.f64.real.24x8 24x8 AB 264x256x1536
adbjc-cbdka-kj,intensli,f64,upstream,8,82944,12,24,23887872,0.003381256,14.1296,1.0000,1.0000,
adbjc-cbdka-kj,intensli,f64,tblis,8,82944,12,24,23887872,0.002212757,21.5910,1.0000,1.0000,
adbjc-cbdka-kj,intensli,c64,plan,8,82944,12,24,23887872,0.003758601,50.8442,0.6667,1.0000,avx512.c64.planar.16x6 16x6 AB 128x256x768
adbjc-cbdka-kj,intensli,c64,packed,8,82944,12,24,23887872,0.003816158,50.0773,0.6667,1.0000,avx512.c64.planar.16x6 16x6 AB 128x256x768
adbjc-cbdka-kj,intensli,c64,upstream,8,82944,12,24,23887872,0.003915293,48.8094,0.6667,1.0000,
adbjc-cbdka-kj,intensli,c64,tblis,8,82944,12,24,23887872,0.004550057,42.0001,0.6667,1.0000,
ajbdc-ckbad-jk,intensli,f64,plan,8,82944,24,12,23887872,0.000955603,49.9954,1.0000,1.0000,avx512.f64.real.24x8 24x8 AB 264x256x1536
ajbdc-ckbad-jk,intensli,f64,packed,8,82944,24,12,23887872,0.000997531,47.8940,1.0000,1.0000,avx512.f64.real.24x8 24x8 AB 264x256x1536
ajbdc-ckbad-jk,intensli,f64,upstream,8,82944,24,12,23887872,0.001199447,39.8315,1.0000,1.0000,
ajbdc-ckbad-jk,intensli,f64,tblis,8,82944,24,12,23887872,0.001435257,33.2872,1.0000,1.0000,
ajbdc-ckbad-jk,intensli,c64,plan,8,82944,24,12,23887872,0.003830675,49.8875,1.0000,1.0000,avx512.c64.planar.24x3 24x3 AB 144x256x768
ajbdc-ckbad-jk,intensli,c64,packed,8,82944,24,12,23887872,0.003774510,50.6299,1.0000,1.0000,avx512.c64.planar.24x3 24x3 AB 144x256x768
ajbdc-ckbad-jk,intensli,c64,upstream,8,82944,24,12,23887872,0.003867984,49.4064,1.0000,1.0000,
ajbdc-ckbad-jk,intensli,c64,tblis,8,82944,24,12,23887872,0.002841169,67.2621,1.0000,1.0000,
abcijk-ijma-mkbc,ccsd_t,f64,plan,8,4608,512,24,56623104,0.000743467,152.3218,1.0000,1.0000,avx512.f64.real.24x8 24x8 AB 264x256x1536
abcijk-ijma-mkbc,ccsd_t,f64,packed,8,4608,512,24,56623104,0.000661113,171.2963,1.0000,1.0000,avx512.f64.real.24x8 24x8 AB 264x256x1536
abcijk-ijma-mkbc,ccsd_t,f64,upstream,8,4608,512,24,56623104,0.000791486,143.0805,1.0000,1.0000,
abcijk-ijma-mkbc,ccsd_t,f64,tblis,8,4608,512,24,56623104,0.000671332,168.6888,1.0000,1.0000,
abcijk-ijma-mkbc,ccsd_t,c64,plan,8,4608,512,24,56623104,0.002745371,164.9995,1.0000,0.9708,avx512.c64.planar.24x3 24x3 AB 144x256x768
abcijk-ijma-mkbc,ccsd_t,c64,packed,8,4608,512,24,56623104,0.002872928,157.6736,1.0000,0.9708,avx512.c64.planar.24x3 24x3 AB 144x256x768
abcijk-ijma-mkbc,ccsd_t,c64,upstream,8,4608,512,24,56623104,0.003050990,148.4714,1.0000,0.9708,
abcijk-ijma-mkbc,ccsd_t,c64,tblis,8,4608,512,24,56623104,0.002204833,205.4509,1.0000,0.9708,
abcijk-ijmb-mkac,ccsd_t,f64,plan,8,1536,1536,24,56623104,0.000594439,190.5094,1.0000,1.0000,avx512.f64.real.24x8 24x8 BA 264x256x1536
abcijk-ijmb-mkac,ccsd_t,f64,packed,8,1536,1536,24,56623104,0.000545838,207.4722,1.0000,1.0000,avx512.f64.real.24x8 24x8 BA 264x256x1536
abcijk-ijmb-mkac,ccsd_t,f64,upstream,8,1536,1536,24,56623104,0.000682843,165.8452,1.0000,1.0000,
abcijk-ijmb-mkac,ccsd_t,f64,tblis,8,1536,1536,24,56623104,0.001120840,101.0369,1.0000,1.0000,
abcijk-ijmb-mkac,ccsd_t,c64,plan,8,1536,1536,24,56623104,0.001743011,259.8864,1.0000,0.7500,avx512.c64.planar.24x3 24x3 BA 144x256x768
abcijk-ijmb-mkac,ccsd_t,c64,packed,8,1536,1536,24,56623104,0.001718335,263.6185,1.0000,0.7500,avx512.c64.planar.24x3 24x3 BA 144x256x768
abcijk-ijmb-mkac,ccsd_t,c64,upstream,8,1536,1536,24,56623104,0.001884595,240.3619,1.0000,0.7500,
abcijk-ijmb-mkac,ccsd_t,c64,tblis,8,1536,1536,24,56623104,0.002733539,165.7137,1.0000,0.7500,
abcijk-ijmc-mkab,ccsd_t,f64,plan,8,1536,1536,24,56623104,0.000571867,198.0289,1.0000,1.0000,avx512.f64.real.24x8 24x8 BA 264x256x1536
abcijk-ijmc-mkab,ccsd_t,f64,packed,8,1536,1536,24,56623104,0.000544566,207.9568,1.0000,1.0000,avx512.f64.real.24x8 24x8 BA 264x256x1536
abcijk-ijmc-mkab,ccsd_t,f64,upstream,8,1536,1536,24,56623104,0.000683024,165.8012,1.0000,1.0000,
abcijk-ijmc-mkab,ccsd_t,f64,tblis,8,1536,1536,24,56623104,0.000880763,128.5774,1.0000,1.0000,
abcijk-ijmc-mkab,ccsd_t,c64,plan,8,1536,1536,24,56623104,0.001728514,262.0660,1.0000,0.5000,avx512.c64.planar.16x6 16x6 BA 128x256x768
abcijk-ijmc-mkab,ccsd_t,c64,packed,8,1536,1536,24,56623104,0.001802121,251.3621,1.0000,0.5000,avx512.c64.planar.16x6 16x6 BA 128x256x768
abcijk-ijmc-mkab,ccsd_t,c64,upstream,8,1536,1536,24,56623104,0.001884685,240.3504,1.0000,0.5000,
abcijk-ijmc-mkab,ccsd_t,c64,tblis,8,1536,1536,24,56623104,0.002178353,207.9483,1.0000,0.5000,
abcijk-ikma-mjbc,ccsd_t,f64,plan,8,4608,512,24,56623104,0.000790194,143.3144,1.0000,1.0000,avx512.f64.real.24x8 24x8 AB 264x256x1536
abcijk-ikma-mjbc,ccsd_t,f64,packed,8,4608,512,24,56623104,0.000750941,150.8057,1.0000,1.0000,avx512.f64.real.24x8 24x8 AB 264x256x1536
abcijk-ikma-mjbc,ccsd_t,f64,upstream,8,4608,512,24,56623104,0.000817846,138.4689,1.0000,1.0000,
abcijk-ikma-mjbc,ccsd_t,f64,tblis,8,4608,512,24,56623104,0.000697251,162.4181,1.0000,1.0000,
abcijk-ikma-mjbc,ccsd_t,c64,plan,8,4608,512,24,56623104,0.002806034,161.4324,1.0000,0.9708,avx512.c64.planar.24x3 24x3 AB 144x256x768
abcijk-ikma-mjbc,ccsd_t,c64,packed,8,4608,512,24,56623104,0.002914085,155.4467,1.0000,0.9708,avx512.c64.planar.24x3 24x3 AB 144x256x768
abcijk-ikma-mjbc,ccsd_t,c64,upstream,8,4608,512,24,56623104,0.003122584,145.0673,1.0000,0.9708,
abcijk-ikma-mjbc,ccsd_t,c64,tblis,8,4608,512,24,56623104,0.002182281,207.5740,1.0000,0.9708,
abcijk-ikmb-mjac,ccsd_t,f64,plan,8,1536,1536,24,56623104,0.000544265,208.0718,1.0000,1.0000,avx512.f64.real.24x8 24x8 BA 264x256x1536
abcijk-ikmb-mjac,ccsd_t,f64,packed,8,1536,1536,24,56623104,0.000507978,222.9353,1.0000,1.0000,avx512.f64.real.24x8 24x8 BA 264x256x1536
abcijk-ikmb-mjac,ccsd_t,f64,upstream,8,1536,1536,24,56623104,0.000637268,177.7058,1.0000,1.0000,
abcijk-ikmb-mjac,ccsd_t,f64,tblis,8,1536,1536,24,56623104,0.000746272,151.7492,1.0000,1.0000,
abcijk-ikmb-mjac,ccsd_t,c64,plan,8,1536,1536,24,56623104,0.001756807,257.8455,1.0000,0.7500,avx512.c64.planar.24x3 24x3 BA 144x256x768
abcijk-ikmb-mjac,ccsd_t,c64,packed,8,1536,1536,24,56623104,0.001691915,267.7350,1.0000,0.7500,avx512.c64.planar.24x3 24x3 BA 144x256x768
abcijk-ikmb-mjac,ccsd_t,c64,upstream,8,1536,1536,24,56623104,0.001904733,237.8206,1.0000,0.7500,
abcijk-ikmb-mjac,ccsd_t,c64,tblis,8,1536,1536,24,56623104,0.002464046,183.8378,1.0000,0.7500,
abcijk-ikmc-mjab,ccsd_t,f64,plan,8,1536,1536,24,56623104,0.000597945,189.3923,1.0000,1.0000,avx512.f64.real.24x8 24x8 BA 264x256x1536
abcijk-ikmc-mjab,ccsd_t,f64,packed,8,1536,1536,24,56623104,0.000518027,218.6106,1.0000,1.0000,avx512.f64.real.24x8 24x8 BA 264x256x1536
abcijk-ikmc-mjab,ccsd_t,f64,upstream,8,1536,1536,24,56623104,0.000693374,163.3263,1.0000,1.0000,
abcijk-ikmc-mjab,ccsd_t,f64,tblis,8,1536,1536,24,56623104,0.000975449,116.0965,1.0000,1.0000,
abcijk-ikmc-mjab,ccsd_t,c64,plan,8,1536,1536,24,56623104,0.001691255,267.8395,1.0000,0.5000,avx512.c64.planar.16x6 16x6 BA 128x256x768
abcijk-ikmc-mjab,ccsd_t,c64,packed,8,1536,1536,24,56623104,0.001684342,268.9387,1.0000,0.5000,avx512.c64.planar.16x6 16x6 BA 128x256x768
abcijk-ikmc-mjab,ccsd_t,c64,upstream,8,1536,1536,24,56623104,0.001863626,243.0664,1.0000,0.5000,
abcijk-ikmc-mjab,ccsd_t,c64,tblis,8,1536,1536,24,56623104,0.002494022,181.6282,1.0000,0.5000,
abcijk-jkma-mibc,ccsd_t,f64,plan,8,4608,512,24,56623104,0.000716717,158.0069,1.0000,1.0000,avx512.f64.real.24x8 24x8 AB 264x256x1536
abcijk-jkma-mibc,ccsd_t,f64,packed,8,4608,512,24,56623104,0.000666072,170.0210,1.0000,1.0000,avx512.f64.real.24x8 24x8 AB 264x256x1536
abcijk-jkma-mibc,ccsd_t,f64,upstream,8,4608,512,24,56623104,0.000835799,135.4945,1.0000,1.0000,
abcijk-jkma-mibc,ccsd_t,f64,tblis,8,4608,512,24,56623104,0.000662957,170.8198,1.0000,1.0000,
abcijk-jkma-mibc,ccsd_t,c64,plan,8,4608,512,24,56623104,0.002857871,158.5043,1.0000,0.9708,avx512.c64.planar.24x3 24x3 AB 144x256x768
abcijk-jkma-mibc,ccsd_t,c64,packed,8,4608,512,24,56623104,0.002819609,160.6552,1.0000,0.9708,avx512.c64.planar.24x3 24x3 AB 144x256x768
abcijk-jkma-mibc,ccsd_t,c64,upstream,8,4608,512,24,56623104,0.002946736,153.7243,1.0000,0.9708,
abcijk-jkma-mibc,ccsd_t,c64,tblis,8,4608,512,24,56623104,0.002060303,219.8632,1.0000,0.9708,
abcijk-jkmb-miac,ccsd_t,f64,plan,8,1536,1536,24,56623104,0.000560084,202.1950,1.0000,1.0000,avx512.f64.real.24x8 24x8 BA 264x256x1536
abcijk-jkmb-miac,ccsd_t,f64,packed,8,1536,1536,24,56623104,0.000495184,228.6952,1.0000,1.0000,avx512.f64.real.24x8 24x8 BA 264x256x1536
abcijk-jkmb-miac,ccsd_t,f64,upstream,8,1536,1536,24,56623104,0.000644753,175.6428,1.0000,1.0000,
abcijk-jkmb-miac,ccsd_t,f64,tblis,8,1536,1536,24,56623104,0.001096054,103.3217,1.0000,1.0000,
abcijk-jkmb-miac,ccsd_t,c64,plan,8,1536,1536,24,56623104,0.001699711,266.5070,1.0000,0.7500,avx512.c64.planar.24x3 24x3 BA 144x256x768
abcijk-jkmb-miac,ccsd_t,c64,packed,8,1536,1536,24,56623104,0.001690954,267.8871,1.0000,0.7500,avx512.c64.planar.24x3 24x3 BA 144x256x768
abcijk-jkmb-miac,ccsd_t,c64,upstream,8,1536,1536,24,56623104,0.001886799,240.0811,1.0000,0.7500,
abcijk-jkmb-miac,ccsd_t,c64,tblis,8,1536,1536,24,56623104,0.002894098,156.5202,1.0000,0.7500,
abcijk-jkmc-miab,ccsd_t,f64,plan,8,1536,1536,24,56623104,0.000561367,201.7329,1.0000,1.0000,avx512.f64.real.24x8 24x8 BA 264x256x1536
abcijk-jkmc-miab,ccsd_t,f64,packed,8,1536,1536,24,56623104,0.000504240,224.5879,1.0000,1.0000,avx512.f64.real.24x8 24x8 BA 264x256x1536
abcijk-jkmc-miab,ccsd_t,f64,upstream,8,1536,1536,24,56623104,0.000666563,169.8957,1.0000,1.0000,
abcijk-jkmc-miab,ccsd_t,f64,tblis,8,1536,1536,24,56623104,0.001070116,105.8261,1.0000,1.0000,
abcijk-jkmc-miab,ccsd_t,c64,plan,8,1536,1536,24,56623104,0.001679623,269.6943,1.0000,0.5000,avx512.c64.planar.16x6 16x6 BA 128x256x768
abcijk-jkmc-miab,ccsd_t,c64,packed,8,1536,1536,24,56623104,0.001663493,272.3094,1.0000,0.5000,avx512.c64.planar.16x6 16x6 BA 128x256x768
abcijk-jkmc-miab,ccsd_t,c64,upstream,8,1536,1536,24,56623104,0.001881419,240.7677,1.0000,0.5000,
abcijk-jkmc-miab,ccsd_t,c64,tblis,8,1536,1536,24,56623104,0.002229969,203.1350,1.0000,0.5000,
abcijk-eiab-jkec,ccsd_t,f64,plan,8,1536,1536,24,56623104,0.000506415,223.6233,1.0000,1.0000,avx512.f64.real.24x8 24x8 AB 264x256x1536
abcijk-eiab-jkec,ccsd_t,f64,packed,8,1536,1536,24,56623104,0.000474254,238.7881,1.0000,1.0000,avx512.f64.real.24x8 24x8 AB 264x256x1536
abcijk-eiab-jkec,ccsd_t,f64,upstream,8,1536,1536,24,56623104,0.000614396,184.3212,1.0000,1.0000,
abcijk-eiab-jkec,ccsd_t,f64,tblis,8,1536,1536,24,56623104,0.000896762,126.2835,1.0000,1.0000,
abcijk-eiab-jkec,ccsd_t,c64,plan,8,1536,1536,24,56623104,0.001670736,271.1289,1.0000,0.5000,avx512.c64.planar.16x6 16x6 AB 128x256x768
abcijk-eiab-jkec,ccsd_t,c64,packed,8,1536,1536,24,56623104,0.001709198,265.0277,1.0000,0.5000,avx512.c64.planar.16x6 16x6 AB 128x256x768
abcijk-eiab-jkec,ccsd_t,c64,upstream,8,1536,1536,24,56623104,0.001922957,235.5668,1.0000,0.5000,
abcijk-eiab-jkec,ccsd_t,c64,tblis,8,1536,1536,24,56623104,0.002245438,201.7356,1.0000,0.5000,
abcijk-eiac-jkeb,ccsd_t,f64,plan,8,1536,1536,24,56623104,0.000508358,222.7686,1.0000,1.0000,avx512.f64.real.24x8 24x8 AB 264x256x1536
abcijk-eiac-jkeb,ccsd_t,f64,packed,8,1536,1536,24,56623104,0.000570124,198.6343,1.0000,1.0000,avx512.f64.real.24x8 24x8 AB 264x256x1536
abcijk-eiac-jkeb,ccsd_t,f64,upstream,8,1536,1536,24,56623104,0.000634693,178.4267,1.0000,1.0000,
abcijk-eiac-jkeb,ccsd_t,f64,tblis,8,1536,1536,24,56623104,0.001071147,105.7242,1.0000,1.0000,
abcijk-eiac-jkeb,ccsd_t,c64,plan,8,1536,1536,24,56623104,0.001770693,255.8235,1.0000,0.7500,avx512.c64.planar.24x3 24x3 AB 144x256x768
abcijk-eiac-jkeb,ccsd_t,c64,packed,8,1536,1536,24,56623104,0.001748752,259.0332,1.0000,0.7500,avx512.c64.planar.24x3 24x3 AB 144x256x768
abcijk-eiac-jkeb,ccsd_t,c64,upstream,8,1536,1536,24,56623104,0.001894965,239.0465,1.0000,0.7500,
abcijk-eiac-jkeb,ccsd_t,c64,tblis,8,1536,1536,24,56623104,0.002884500,157.0410,1.0000,0.7500,
abcijk-eibc-jkea,ccsd_t,f64,plan,8,512,4608,24,56623104,0.000731986,154.7109,1.0000,1.0000,avx512.f64.real.24x8 24x8 BA 264x256x1536
abcijk-eibc-jkea,ccsd_t,f64,packed,8,512,4608,24,56623104,0.000745491,151.9082,1.0000,1.0000,avx512.f64.real.24x8 24x8 BA 264x256x1536
abcijk-eibc-jkea,ccsd_t,f64,upstream,8,512,4608,24,56623104,0.000847801,133.5764,1.0000,1.0000,
abcijk-eibc-jkea,ccsd_t,f64,tblis,8,512,4608,24,56623104,0.000665651,170.1285,1.0000,1.0000,
abcijk-eibc-jkea,ccsd_t,c64,plan,8,512,4608,24,56623104,0.002772040,163.4121,1.0000,0.9708,avx512.c64.planar.24x3 24x3 BA 144x256x768
abcijk-eibc-jkea,ccsd_t,c64,packed,8,512,4608,24,56623104,0.002779724,162.9604,1.0000,0.9708,avx512.c64.planar.24x3 24x3 BA 144x256x768
abcijk-eibc-jkea,ccsd_t,c64,upstream,8,512,4608,24,56623104,0.003023519,149.8204,1.0000,0.9708,
abcijk-eibc-jkea,ccsd_t,c64,tblis,8,512,4608,24,56623104,0.002052678,220.6799,1.0000,0.9708,
abcijk-ejab-ikec,ccsd_t,f64,plan,8,1536,1536,24,56623104,0.000516133,219.4128,1.0000,1.0000,avx512.f64.real.24x8 24x8 AB 264x256x1536
abcijk-ejab-ikec,ccsd_t,f64,packed,8,1536,1536,24,56623104,0.000470207,240.8433,1.0000,1.0000,avx512.f64.real.24x8 24x8 AB 264x256x1536
abcijk-ejab-ikec,ccsd_t,f64,upstream,8,1536,1536,24,56623104,0.000659130,171.8116,1.0000,1.0000,
abcijk-ejab-ikec,ccsd_t,f64,tblis,8,1536,1536,24,56623104,0.000967054,117.1043,1.0000,1.0000,
abcijk-ejab-ikec,ccsd_t,c64,plan,8,1536,1536,24,56623104,0.001824473,248.2826,1.0000,0.5000,avx512.c64.planar.16x6 16x6 AB 128x256x768
abcijk-ejab-ikec,ccsd_t,c64,packed,8,1536,1536,24,56623104,0.001637935,276.5585,1.0000,0.5000,avx512.c64.planar.16x6 16x6 AB 128x256x768
abcijk-ejab-ikec,ccsd_t,c64,upstream,8,1536,1536,24,56623104,0.001886970,240.0594,1.0000,0.5000,
abcijk-ejab-ikec,ccsd_t,c64,tblis,8,1536,1536,24,56623104,0.002524078,179.4655,1.0000,0.5000,
abcijk-ejac-ikeb,ccsd_t,f64,plan,8,1536,1536,24,56623104,0.000574852,197.0006,1.0000,1.0000,avx512.f64.real.24x8 24x8 AB 264x256x1536
abcijk-ejac-ikeb,ccsd_t,f64,packed,8,1536,1536,24,56623104,0.000489052,231.5627,1.0000,1.0000,avx512.f64.real.24x8 24x8 AB 264x256x1536
abcijk-ejac-ikeb,ccsd_t,f64,upstream,8,1536,1536,24,56623104,0.000633301,178.8189,1.0000,1.0000,
abcijk-ejac-ikeb,ccsd_t,f64,tblis,8,1536,1536,24,56623104,0.000755840,149.8283,1.0000,1.0000,
abcijk-ejac-ikeb,ccsd_t,c64,plan,8,1536,1536,24,56623104,0.001765423,256.5871,1.0000,0.7500,avx512.c64.planar.24x3 24x3 AB 144x256x768
abcijk-ejac-ikeb,ccsd_t,c64,packed,8,1536,1536,24,56623104,0.001763029,256.9356,1.0000,0.7500,avx512.c64.planar.24x3 24x3 AB 144x256x768
abcijk-ejac-ikeb,ccsd_t,c64,upstream,8,1536,1536,24,56623104,0.001905124,237.7718,1.0000,0.7500,
abcijk-ejac-ikeb,ccsd_t,c64,tblis,8,1536,1536,24,56623104,0.002430684,186.3611,1.0000,0.7500,
abcijk-ejbc-ikea,ccsd_t,f64,plan,8,512,4608,24,56623104,0.000774985,146.1270,1.0000,1.0000,avx512.f64.real.24x8 24x8 BA 264x256x1536
abcijk-ejbc-ikea,ccsd_t,f64,packed,8,512,4608,24,56623104,0.000733177,154.4596,1.0000,1.0000,avx512.f64.real.24x8 24x8 BA 264x256x1536
abcijk-ejbc-ikea,ccsd_t,f64,upstream,8,512,4608,24,56623104,0.000860275,131.6395,1.0000,1.0000,
abcijk-ejbc-ikea,ccsd_t,f64,tblis,8,512,4608,24,56623104,0.000672183,168.4753,1.0000,1.0000,
abcijk-ejbc-ikea,ccsd_t,c64,plan,8,512,4608,24,56623104,0.002964569,152.7996,1.0000,0.9708,avx512.c64.planar.24x3 24x3 BA 144x256x768
abcijk-ejbc-ikea,ccsd_t,c64,packed,8,512,4608,24,56623104,0.002854915,158.6684,1.0000,0.9708,avx512.c64.planar.24x3 24x3 BA 144x256x768
abcijk-ejbc-ikea,ccsd_t,c64,upstream,8,512,4608,24,56623104,0.003062152,147.9302,1.0000,0.9708,
abcijk-ejbc-ikea,ccsd_t,c64,tblis,8,512,4608,24,56623104,0.002192400,206.6160,1.0000,0.9708,
abcijk-ekab-ijec,ccsd_t,f64,plan,8,1536,1536,24,56623104,0.000522374,216.7914,1.0000,1.0000,avx512.f64.real.24x8 24x8 AB 264x256x1536
abcijk-ekab-ijec,ccsd_t,f64,packed,8,1536,1536,24,56623104,0.000467232,242.3768,1.0000,1.0000,avx512.f64.real.24x8 24x8 AB 264x256x1536
abcijk-ekab-ijec,ccsd_t,f64,upstream,8,1536,1536,24,56623104,0.000684347,165.4807,1.0000,1.0000,
abcijk-ekab-ijec,ccsd_t,f64,tblis,8,1536,1536,24,56623104,0.000913273,124.0004,1.0000,1.0000,
abcijk-ekab-ijec,ccsd_t,c64,plan,8,1536,1536,24,56623104,0.001726680,262.3444,1.0000,0.5000,avx512.c64.planar.16x6 16x6 AB 128x256x768
abcijk-ekab-ijec,ccsd_t,c64,packed,8,1536,1536,24,56623104,0.001659976,272.8864,1.0000,0.5000,avx512.c64.planar.16x6 16x6 AB 128x256x768
abcijk-ekab-ijec,ccsd_t,c64,upstream,8,1536,1536,24,56623104,0.001860880,243.4251,1.0000,0.5000,
abcijk-ekab-ijec,ccsd_t,c64,tblis,8,1536,1536,24,56623104,0.002071052,218.7221,1.0000,0.5000,
abcijk-ekac-ijeb,ccsd_t,f64,plan,8,1536,1536,24,56623104,0.000526161,215.2311,1.0000,1.0000,avx512.f64.real.24x8 24x8 AB 264x256x1536
abcijk-ekac-ijeb,ccsd_t,f64,packed,8,1536,1536,24,56623104,0.000517996,218.6237,1.0000,1.0000,avx512.f64.real.24x8 24x8 AB 264x256x1536
abcijk-ekac-ijeb,ccsd_t,f64,upstream,8,1536,1536,24,56623104,0.000650463,174.1009,1.0000,1.0000,
abcijk-ekac-ijeb,ccsd_t,f64,tblis,8,1536,1536,24,56623104,0.001103499,102.6247,1.0000,1.0000,
abcijk-ekac-ijeb,ccsd_t,c64,plan,8,1536,1536,24,56623104,0.001761535,257.1535,1.0000,0.7500,avx512.c64.planar.24x3 24x3 AB 144x256x768
abcijk-ekac-ijeb,ccsd_t,c64,packed,8,1536,1536,24,56623104,0.001742069,260.0269,1.0000,0.7500,avx512.c64.planar.24x3 24x3 AB 144x256x768
abcijk-ekac-ijeb,ccsd_t,c64,upstream,8,1536,1536,24,56623104,0.001914811,236.5690,1.0000,0.7500,
abcijk-ekac-ijeb,ccsd_t,c64,tblis,8,1536,1536,24,56623104,0.002704946,167.4654,1.0000,0.7500,
abcijk-ekbc-ijea,ccsd_t,f64,plan,8,512,4608,24,56623104,0.000759286,149.1483,1.0000,1.0000,avx512.f64.real.24x8 24x8 BA 264x256x1536
abcijk-ekbc-ijea,ccsd_t,f64,packed,8,512,4608,24,56623104,0.000843543,134.2507,1.0000,1.0000,avx512.f64.real.24x8 24x8 BA 264x256x1536
abcijk-ekbc-ijea,ccsd_t,f64,upstream,8,512,4608,24,56623104,0.000856418,132.2324,1.0000,1.0000,
abcijk-ekbc-ijea,ccsd_t,f64,tblis,8,512,4608,24,56623104,0.000716506,158.0534,1.0000,1.0000,
abcijk-ekbc-ijea,ccsd_t,c64,plan,8,512,4608,24,56623104,0.002870003,157.8343,1.0000,0.9708,avx512.c64.planar.24x3 24x3 BA 144x256x768
abcijk-ekbc-ijea,ccsd_t,c64,packed,8,512,4608,24,56623104,0.002847250,159.0956,1.0000,0.9708,avx512.c64.planar.24x3 24x3 BA 144x256x768
abcijk-ekbc-ijea,ccsd_t,c64,upstream,8,512,4608,24,56623104,0.002871456,157.7544,1.0000,0.9708,
abcijk-ekbc-ijea,ccsd_t,c64,tblis,8,512,4608,24,56623104,0.002206646,205.2821,1.0000,0.9708,
abc-bk-akc,transC,f64,plan,8,72,3744,52,14017536,0.000184424,152.0142,1.0000,1.0000,avx512.f64.real.24x8 24x8 BA 264x256x1536
abc-bk-akc,transC,f64,packed,8,72,3744,52,14017536,0.000178523,157.0390,1.0000,1.0000,avx512.f64.real.24x8 24x8 BA 264x256x1536
abc-bk-akc,transC,f64,upstream,8,72,3744,52,14017536,0.000254394,110.2034,1.0000,1.0000,
abc-bk-akc,transC,f64,tblis,8,72,3744,52,14017536,0.000155390,180.4175,1.0000,1.0000,
abc-bk-akc,transC,c64,plan,8,72,3744,52,14017536,0.000498831,224.8062,0.8889,1.0000,avx512.c64.planar.16x6 16x6 BA 128x256x768
abc-bk-akc,transC,c64,packed,8,72,3744,52,14017536,0.000499271,224.6081,0.8889,1.0000,avx512.c64.planar.16x6 16x6 BA 128x256x768
abc-bk-akc,transC,c64,upstream,8,72,3744,52,14017536,0.000596372,188.0375,0.8889,1.0000,
abc-bk-akc,transC,c64,tblis,8,72,3744,52,14017536,0.000392692,285.5680,0.8889,1.0000,
